id,id_city,temp,pressure,humidity,date_time
1,1,15.0,1018.0,72.0,2019-10-15T14:40:18.946Z
2,1,15.0,1018.0,72.0,2019-10-15T14:45:01.092Z
3,1,15.0,1018.0,72.0,2019-10-15T15:00:01.976Z
4,1,14.0,1018.0,72.0,2019-10-15T15:15:02.049Z
5,1,14.0,1017.0,73.0,2019-10-15T15:30:05.231Z
6,1,14.0,1017.0,73.0,2019-10-15T15:45:01.864Z
7,1,14.0,1017.0,73.0,2019-10-15T16:00:01.051Z
8,1,14.0,1017.0,73.0,2019-10-15T16:15:01.684Z
9,1,14.0,1017.0,73.0,2019-10-15T16:30:02.061Z
10,1,14.0,1017.0,73.0,2019-10-15T16:45:02.516Z
11,1,14.0,1017.0,73.0,2019-10-15T17:00:02.846Z
12,1,14.0,1017.0,73.0,2019-10-15T17:15:01.903Z
13,1,14.0,1017.0,73.0,2019-10-15T17:30:01.441Z
14,1,13.0,1017.0,73.0,2019-10-15T17:45:01.731Z
15,1,13.0,1017.0,73.0,2019-10-15T18:00:01.433Z
16,1,13.0,1017.0,73.0,2019-10-15T18:15:03.501Z
17,1,14.0,1017.0,75.0,2019-10-15T18:30:02.387Z
18,1,14.0,1017.0,75.0,2019-10-15T18:45:02.369Z
19,1,13.0,1017.0,75.0,2019-10-15T19:00:02.877Z
20,1,13.0,1017.0,75.0,2019-10-15T19:15:02.830Z
21,1,13.0,1017.0,75.0,2019-10-15T19:30:00.846Z
22,1,13.0,1017.0,75.0,2019-10-15T19:45:01.874Z
23,1,13.0,1017.0,75.0,2019-10-15T20:00:01.154Z
24,1,13.0,1017.0,75.0,2019-10-15T20:15:01.949Z
25,1,13.0,1017.0,75.0,2019-10-15T20:30:02.050Z
26,1,13.0,1017.0,75.0,2019-10-15T20:45:01.559Z
27,1,13.0,1017.0,75.0,2019-10-15T21:00:02.961Z
28,1,13.0,1017.0,75.0,2019-10-15T21:15:01.664Z
29,1,12.0,1017.0,73.0,2019-10-15T21:30:02.631Z
30,1,12.0,1017.0,73.0,2019-10-15T21:45:03.480Z
31,1,12.0,1017.0,73.0,2019-10-15T22:00:03.495Z
32,1,12.0,1017.0,73.0,2019-10-15T22:15:02.775Z
33,1,12.0,1017.0,73.0,2019-10-15T22:30:03.432Z
34,1,12.0,1017.0,73.0,2019-10-15T22:45:03.090Z
35,1,12.0,1017.0,73.0,2019-10-15T23:00:01.215Z
36,1,12.0,1017.0,73.0,2019-10-15T23:15:02.732Z
37,1,12.0,1017.0,73.0,2019-10-15T23:30:02.788Z
38,1,12.0,1017.0,73.0,2019-10-15T23:45:01.814Z
39,1,12.0,1017.0,73.0,2019-10-16T00:00:02.113Z
40,1,12.0,1017.0,73.0,2019-10-16T00:15:02.034Z
41,1,12.0,1018.0,78.0,2019-10-16T00:30:02.816Z
42,1,11.0,1018.0,78.0,2019-10-16T00:45:03.419Z
43,1,11.0,1018.0,78.0,2019-10-16T01:00:02.508Z
44,1,11.0,1018.0,78.0,2019-10-16T01:15:02.632Z
45,1,11.0,1018.0,78.0,2019-10-16T01:30:03.078Z
46,1,11.0,1018.0,78.0,2019-10-16T01:45:03.073Z
47,1,11.0,1018.0,78.0,2019-10-16T02:00:01.315Z
48,1,11.0,1018.0,78.0,2019-10-16T02:15:02.591Z
49,1,11.0,1018.0,78.0,2019-10-16T02:30:02.143Z
50,1,11.0,1018.0,78.0,2019-10-16T02:45:02.118Z
51,1,11.0,1018.0,78.0,2019-10-16T03:00:01.542Z
52,1,11.0,1018.0,78.0,2019-10-16T03:15:02.489Z
53,1,10.0,1018.0,84.0,2019-10-16T03:30:02.525Z
54,1,10.0,1018.0,84.0,2019-10-16T03:45:01.835Z
55,1,10.0,1018.0,84.0,2019-10-16T04:00:01.786Z
56,1,10.0,1018.0,84.0,2019-10-16T04:15:02.530Z
57,1,11.0,1018.0,84.0,2019-10-16T04:30:02.406Z
58,1,11.0,1018.0,84.0,2019-10-16T04:45:02.643Z
59,1,11.0,1018.0,84.0,2019-10-16T05:00:02.281Z
60,1,11.0,1018.0,84.0,2019-10-16T05:15:02.866Z
61,1,11.0,1018.0,84.0,2019-10-16T05:30:02.205Z
62,1,11.0,1018.0,84.0,2019-10-16T05:45:01.500Z
63,1,12.0,1018.0,84.0,2019-10-16T06:00:02.537Z
64,1,13.0,1018.0,84.0,2019-10-16T06:15:03.538Z
65,1,15.0,1019.0,68.0,2019-10-16T06:30:01.782Z
66,1,15.0,1019.0,68.0,2019-10-16T06:45:02.470Z
67,1,16.0,1019.0,68.0,2019-10-16T07:00:01.894Z
68,1,16.0,1019.0,68.0,2019-10-16T07:15:02.401Z
69,1,16.0,1019.0,68.0,2019-10-16T07:30:02.704Z
70,1,16.0,1019.0,68.0,2019-10-16T07:45:01.857Z
71,1,17.0,1019.0,68.0,2019-10-16T08:00:01.023Z
72,1,17.0,1019.0,68.0,2019-10-16T08:15:01.992Z
73,1,17.0,1019.0,68.0,2019-10-16T08:30:01.539Z
74,1,18.0,1019.0,68.0,2019-10-16T08:45:01.225Z
75,1,18.0,1019.0,68.0,2019-10-16T09:00:01.977Z
76,1,16.0,1019.0,68.0,2019-10-16T09:15:02.467Z
77,1,19.0,1019.0,56.0,2019-10-16T09:30:02.353Z
78,1,19.0,1019.0,56.0,2019-10-16T09:45:02.222Z
79,1,19.0,1019.0,56.0,2019-10-16T10:00:02.461Z
80,1,20.0,1019.0,56.0,2019-10-16T10:15:02.372Z
81,1,20.0,1019.0,56.0,2019-10-16T10:30:02.696Z
82,1,20.0,1019.0,56.0,2019-10-16T10:45:02.185Z
83,1,20.0,1019.0,56.0,2019-10-16T11:00:02.159Z
84,1,20.0,1019.0,56.0,2019-10-16T11:15:02.482Z
85,1,21.0,1019.0,56.0,2019-10-16T11:30:02.623Z
86,1,21.0,1019.0,56.0,2019-10-16T11:45:01.649Z
87,1,21.0,1019.0,56.0,2019-10-16T12:00:01.368Z
88,1,18.0,1019.0,56.0,2019-10-16T12:15:02.191Z
89,1,22.0,1018.0,43.0,2019-10-16T12:30:02.707Z
90,1,22.0,1018.0,43.0,2019-10-16T12:45:02.634Z
91,1,22.0,1018.0,43.0,2019-10-16T13:00:03.177Z
92,1,22.0,1018.0,43.0,2019-10-16T13:15:03.073Z
93,1,22.0,1018.0,43.0,2019-10-16T13:30:02.259Z
94,1,21.0,1018.0,43.0,2019-10-16T13:45:01.562Z
95,1,21.0,1018.0,43.0,2019-10-16T14:00:01.917Z
96,1,21.0,1018.0,43.0,2019-10-16T14:15:02.933Z
97,1,21.0,1018.0,43.0,2019-10-16T14:30:01.090Z
98,1,21.0,1018.0,43.0,2019-10-16T14:45:02.163Z
99,1,21.0,1018.0,43.0,2019-10-16T15:00:01.632Z
100,1,17.0,1018.0,43.0,2019-10-16T15:15:02.449Z
101,1,19.0,1018.0,51.0,2019-10-16T15:30:03.481Z
102,1,19.0,1018.0,51.0,2019-10-16T15:45:03.032Z
103,1,19.0,1018.0,51.0,2019-10-16T16:00:02.162Z
104,1,19.0,1018.0,51.0,2019-10-16T16:15:03.762Z
105,1,19.0,1018.0,51.0,2019-10-16T16:30:03.136Z
106,1,18.0,1018.0,51.0,2019-10-16T16:45:01.468Z
107,1,18.0,1018.0,51.0,2019-10-16T17:00:01.038Z
108,1,18.0,1018.0,51.0,2019-10-16T17:15:01.803Z
109,1,18.0,1018.0,51.0,2019-10-16T17:30:03.330Z
110,1,18.0,1018.0,51.0,2019-10-16T17:45:02.908Z
111,1,18.0,1018.0,51.0,2019-10-16T18:00:02.733Z
112,1,16.0,1018.0,51.0,2019-10-16T18:15:01.812Z
113,1,16.0,1019.0,68.0,2019-10-16T18:30:02.985Z
114,1,16.0,1019.0,68.0,2019-10-16T18:45:02.175Z
115,1,15.0,1019.0,68.0,2019-10-16T19:00:02.039Z
116,1,15.0,1019.0,68.0,2019-10-16T19:15:02.557Z
117,1,15.0,1019.0,68.0,2019-10-16T19:30:02.021Z
118,1,15.0,1019.0,68.0,2019-10-16T19:45:02.137Z
119,1,15.0,1019.0,68.0,2019-10-16T20:00:02.159Z
120,1,15.0,1019.0,68.0,2019-10-16T20:15:01.948Z
121,1,15.0,1019.0,68.0,2019-10-16T20:30:02.420Z
122,1,15.0,1019.0,68.0,2019-10-16T20:45:02.682Z
123,1,14.0,1019.0,68.0,2019-10-16T21:00:03.955Z
124,1,14.0,1019.0,68.0,2019-10-16T21:15:01.525Z
125,1,15.0,1019.0,73.0,2019-10-16T21:30:02.759Z
126,1,14.0,1019.0,73.0,2019-10-16T21:45:04.518Z
127,1,14.0,1019.0,73.0,2019-10-16T22:00:02.657Z
128,1,14.0,1019.0,73.0,2019-10-16T22:15:02.585Z
129,1,14.0,1019.0,73.0,2019-10-16T22:30:01.711Z
130,1,14.0,1019.0,73.0,2019-10-16T22:45:01.905Z
131,1,14.0,1019.0,73.0,2019-10-16T23:00:02.698Z
132,1,14.0,1019.0,73.0,2019-10-16T23:15:03.890Z
133,1,14.0,1019.0,73.0,2019-10-16T23:30:02.688Z
134,1,14.0,1019.0,73.0,2019-10-16T23:45:02.169Z
135,1,14.0,1019.0,73.0,2019-10-17T00:00:03.068Z
136,1,13.0,1019.0,73.0,2019-10-17T00:15:02.139Z
137,1,13.0,1019.0,79.0,2019-10-17T00:30:03.381Z
138,1,13.0,1019.0,79.0,2019-10-17T00:45:02.779Z
139,1,13.0,1019.0,79.0,2019-10-17T01:00:03.489Z
140,1,13.0,1019.0,79.0,2019-10-17T01:15:02.621Z
141,1,13.0,1019.0,79.0,2019-10-17T01:30:02.784Z
142,1,13.0,1019.0,79.0,2019-10-17T01:45:01.631Z
143,1,12.0,1019.0,79.0,2019-10-17T02:00:00.994Z
144,1,12.0,1019.0,79.0,2019-10-17T02:15:03.591Z
145,1,12.0,1019.0,79.0,2019-10-17T02:30:01.164Z
146,1,12.0,1019.0,79.0,2019-10-17T02:45:01.918Z
147,1,12.0,1019.0,79.0,2019-10-17T03:00:01.928Z
148,1,12.0,1019.0,79.0,2019-10-17T03:15:01.596Z
149,1,12.0,1019.0,80.0,2019-10-17T03:30:02.071Z
150,1,12.0,1019.0,80.0,2019-10-17T03:45:02.179Z
151,1,12.0,1019.0,80.0,2019-10-17T04:00:01.334Z
152,1,12.0,1019.0,80.0,2019-10-17T04:15:02.861Z
153,1,12.0,1019.0,80.0,2019-10-17T04:30:01.935Z
154,1,12.0,1019.0,80.0,2019-10-17T04:45:01.878Z
155,1,12.0,1019.0,80.0,2019-10-17T05:00:01.169Z
156,1,12.0,1019.0,80.0,2019-10-17T05:15:02.464Z
157,1,12.0,1019.0,80.0,2019-10-17T05:30:01.209Z
158,1,12.0,1019.0,80.0,2019-10-17T05:45:02.646Z
159,1,12.0,1019.0,80.0,2019-10-17T06:00:00.967Z
160,1,13.0,1019.0,80.0,2019-10-17T06:15:03.070Z
161,1,13.0,1020.0,73.0,2019-10-17T06:30:02.573Z
162,1,13.0,1020.0,73.0,2019-10-17T06:45:02.282Z
163,1,13.0,1020.0,73.0,2019-10-17T07:00:03.077Z
164,1,14.0,1020.0,73.0,2019-10-17T07:15:03.366Z
165,1,14.0,1020.0,73.0,2019-10-17T07:30:04.283Z
166,1,14.0,1020.0,73.0,2019-10-17T07:45:02.219Z
167,1,14.0,1020.0,73.0,2019-10-17T08:00:02.203Z
168,1,15.0,1020.0,73.0,2019-10-17T08:15:02.113Z
169,1,15.0,1020.0,73.0,2019-10-17T08:30:02.749Z
170,1,15.0,1020.0,73.0,2019-10-17T08:45:02.404Z
171,1,15.0,1020.0,73.0,2019-10-17T09:00:03.091Z
172,1,16.0,1020.0,73.0,2019-10-17T09:15:02.419Z
173,1,18.0,1019.0,59.0,2019-10-17T09:30:02.253Z
174,1,18.0,1019.0,59.0,2019-10-17T09:45:03.568Z
175,1,18.0,1019.0,59.0,2019-10-17T10:00:02.552Z
176,1,18.0,1019.0,59.0,2019-10-17T10:15:04.271Z
177,1,18.0,1019.0,59.0,2019-10-17T10:30:05.980Z
178,1,18.0,1019.0,59.0,2019-10-17T10:45:02.431Z
179,1,19.0,1019.0,59.0,2019-10-17T11:00:02.302Z
180,1,19.0,1019.0,59.0,2019-10-17T11:15:03.073Z
181,1,19.0,1019.0,59.0,2019-10-17T11:30:03.165Z
182,1,19.0,1019.0,59.0,2019-10-17T11:45:02.478Z
183,1,19.0,1019.0,59.0,2019-10-17T12:00:02.350Z
184,1,17.0,1019.0,59.0,2019-10-17T12:15:02.710Z
185,1,20.0,1017.0,48.0,2019-10-17T12:30:02.662Z
186,1,19.0,1017.0,48.0,2019-10-17T13:00:02.589Z
187,1,19.0,1017.0,48.0,2019-10-17T13:15:02.439Z
188,1,19.0,1017.0,48.0,2019-10-17T13:30:02.717Z
189,1,19.0,1017.0,48.0,2019-10-17T13:45:02.577Z
190,1,19.0,1017.0,48.0,2019-10-17T14:00:02.227Z
191,1,19.0,1017.0,48.0,2019-10-17T14:15:04.225Z
192,1,19.0,1017.0,48.0,2019-10-17T14:30:03.739Z
193,1,19.0,1017.0,48.0,2019-10-17T14:45:03.141Z
194,1,18.0,1017.0,48.0,2019-10-17T15:00:02.938Z
195,1,18.0,1017.0,48.0,2019-10-17T15:15:01.137Z
196,1,15.0,1017.0,48.0,2019-10-17T15:30:02.294Z
197,1,16.0,1017.0,64.0,2019-10-17T15:45:01.053Z
198,1,16.0,1017.0,64.0,2019-10-17T16:00:01.167Z
199,1,16.0,1017.0,64.0,2019-10-17T16:15:02.908Z
200,1,16.0,1017.0,64.0,2019-10-17T16:30:01.713Z
201,1,16.0,1017.0,64.0,2019-10-17T16:45:01.997Z
202,1,15.0,1017.0,64.0,2019-10-17T17:00:02.528Z
203,1,15.0,1017.0,64.0,2019-10-17T17:15:02.675Z
204,1,15.0,1017.0,64.0,2019-10-17T17:30:02.335Z
205,1,15.0,1017.0,64.0,2019-10-17T17:45:02.557Z
206,1,15.0,1017.0,64.0,2019-10-17T18:00:01.612Z
207,1,13.0,1017.0,64.0,2019-10-17T18:15:02.790Z
208,1,14.0,1017.0,79.0,2019-10-17T18:30:02.288Z
209,1,14.0,1017.0,79.0,2019-10-17T18:45:02.350Z
210,1,14.0,1017.0,79.0,2019-10-17T19:00:02.026Z
211,1,14.0,1017.0,79.0,2019-10-17T19:15:02.460Z
212,1,14.0,1017.0,79.0,2019-10-17T19:30:03.513Z
213,1,14.0,1017.0,79.0,2019-10-17T19:45:02.468Z
214,1,14.0,1017.0,79.0,2019-10-17T20:00:01.601Z
215,1,13.0,1017.0,79.0,2019-10-17T20:15:02.671Z
216,1,13.0,1017.0,79.0,2019-10-17T20:30:01.488Z
217,1,13.0,1017.0,79.0,2019-10-17T20:45:02.495Z
218,1,13.0,1017.0,79.0,2019-10-17T21:00:01.907Z
219,1,12.0,1017.0,79.0,2019-10-17T21:15:02.474Z
220,1,13.0,1016.0,82.0,2019-10-17T21:30:03.173Z
221,1,13.0,1016.0,82.0,2019-10-17T21:45:02.491Z
222,1,12.0,1016.0,82.0,2019-10-17T22:00:02.341Z
223,1,12.0,1016.0,82.0,2019-10-17T22:15:02.171Z
224,1,12.0,1016.0,82.0,2019-10-17T22:30:02.048Z
225,1,12.0,1016.0,82.0,2019-10-17T22:45:01.143Z
226,1,12.0,1016.0,82.0,2019-10-17T23:00:01.276Z
227,1,12.0,1016.0,82.0,2019-10-17T23:15:02.925Z
228,1,12.0,1016.0,82.0,2019-10-17T23:30:03.121Z
229,1,12.0,1016.0,82.0,2019-10-17T23:45:02.488Z
230,1,12.0,1016.0,82.0,2019-10-18T00:00:02.601Z
231,1,11.0,1016.0,82.0,2019-10-18T00:15:02.332Z
232,1,11.0,1016.0,87.0,2019-10-18T00:30:04.011Z
233,1,11.0,1016.0,87.0,2019-10-18T00:45:02.983Z
234,1,11.0,1016.0,87.0,2019-10-18T01:00:02.874Z
235,1,10.0,1016.0,87.0,2019-10-18T01:15:02.402Z
236,1,10.0,1016.0,87.0,2019-10-18T01:30:02.363Z
237,1,10.0,1016.0,87.0,2019-10-18T01:45:02.797Z
238,1,10.0,1016.0,87.0,2019-10-18T02:00:03.387Z
239,1,10.0,1016.0,87.0,2019-10-18T02:15:03.887Z
240,1,10.0,1016.0,87.0,2019-10-18T02:30:02.501Z
241,1,10.0,1016.0,87.0,2019-10-18T02:45:02.123Z
242,1,10.0,1016.0,87.0,2019-10-18T03:00:04.002Z
243,1,10.0,1016.0,87.0,2019-10-18T03:15:01.510Z
244,1,9.0,1015.0,91.0,2019-10-18T03:30:02.487Z
245,1,9.0,1015.0,91.0,2019-10-18T03:45:02.530Z
246,1,9.0,1015.0,91.0,2019-10-18T04:00:02.349Z
247,1,9.0,1015.0,91.0,2019-10-18T04:15:02.081Z
248,1,10.0,1015.0,91.0,2019-10-18T04:30:02.288Z
249,1,10.0,1015.0,91.0,2019-10-18T04:45:02.789Z
250,1,10.0,1015.0,91.0,2019-10-18T05:00:02.530Z
251,1,10.0,1015.0,91.0,2019-10-18T05:15:03.309Z
252,1,10.0,1015.0,91.0,2019-10-18T05:30:02.004Z
253,1,10.0,1015.0,91.0,2019-10-18T05:45:01.672Z
254,1,10.0,1015.0,91.0,2019-10-18T06:00:01.261Z
255,1,12.0,1015.0,91.0,2019-10-18T06:15:03.019Z
256,1,11.0,1016.0,92.0,2019-10-18T06:30:01.331Z
257,1,11.0,1016.0,92.0,2019-10-18T06:45:03.101Z
258,1,11.0,1016.0,92.0,2019-10-18T07:00:02.201Z
259,1,11.0,1016.0,92.0,2019-10-18T07:15:02.645Z
260,1,11.0,1016.0,92.0,2019-10-18T07:30:02.430Z
261,1,12.0,1016.0,92.0,2019-10-18T07:45:02.553Z
262,1,12.0,1016.0,92.0,2019-10-18T08:00:00.962Z
263,1,12.0,1016.0,92.0,2019-10-18T08:15:01.217Z
264,1,12.0,1016.0,92.0,2019-10-18T08:30:01.133Z
265,1,12.0,1016.0,92.0,2019-10-18T08:45:01.095Z
266,1,13.0,1016.0,92.0,2019-10-18T09:00:01.816Z
267,1,14.0,1016.0,92.0,2019-10-18T09:15:01.830Z
268,1,11.0,1016.0,91.0,2019-10-18T09:30:03.015Z
269,1,11.0,1016.0,91.0,2019-10-18T09:45:01.522Z
270,1,11.0,1016.0,91.0,2019-10-18T10:00:02.136Z
271,1,11.0,1016.0,91.0,2019-10-18T10:15:03.212Z
272,1,11.0,1016.0,91.0,2019-10-18T10:30:03.864Z
273,1,12.0,1016.0,91.0,2019-10-18T10:45:03.085Z
274,1,12.0,1016.0,91.0,2019-10-18T11:00:03.183Z
275,1,12.0,1016.0,91.0,2019-10-18T11:15:02.994Z
276,1,12.0,1016.0,91.0,2019-10-18T11:30:03.051Z
277,1,12.0,1016.0,91.0,2019-10-18T11:45:02.710Z
278,1,12.0,1016.0,91.0,2019-10-18T12:00:04.907Z
279,1,16.0,1016.0,91.0,2019-10-18T12:15:03.696Z
280,1,12.0,1015.0,82.0,2019-10-18T12:30:03.620Z
281,1,12.0,1015.0,82.0,2019-10-18T12:45:02.363Z
282,1,12.0,1015.0,82.0,2019-10-18T13:00:02.519Z
283,1,12.0,1015.0,82.0,2019-10-18T13:15:02.221Z
284,1,12.0,1015.0,82.0,2019-10-18T13:30:02.983Z
285,1,12.0,1015.0,82.0,2019-10-18T13:45:01.842Z
286,1,12.0,1015.0,82.0,2019-10-18T14:00:02.413Z
287,1,12.0,1015.0,82.0,2019-10-18T14:15:02.991Z
288,1,11.0,1015.0,82.0,2019-10-18T14:30:03.052Z
289,1,11.0,1015.0,82.0,2019-10-18T14:45:01.711Z
290,1,11.0,1015.0,82.0,2019-10-18T15:00:01.795Z
291,1,14.0,1015.0,82.0,2019-10-18T15:15:02.686Z
292,1,12.0,1015.0,82.0,2019-10-18T15:30:05.351Z
293,1,12.0,1015.0,82.0,2019-10-18T15:45:01.954Z
294,1,12.0,1015.0,82.0,2019-10-18T16:00:01.302Z
295,1,12.0,1015.0,82.0,2019-10-18T16:15:02.551Z
296,1,12.0,1015.0,82.0,2019-10-18T16:30:02.226Z
297,1,12.0,1015.0,82.0,2019-10-18T16:45:02.015Z
298,1,12.0,1015.0,82.0,2019-10-18T17:00:02.453Z
299,1,12.0,1015.0,82.0,2019-10-18T17:15:02.363Z
300,1,11.0,1015.0,82.0,2019-10-18T17:30:02.277Z
301,1,11.0,1015.0,82.0,2019-10-18T17:45:02.740Z
302,1,11.0,1015.0,82.0,2019-10-18T18:00:01.657Z
303,1,13.0,1015.0,82.0,2019-10-18T18:15:03.074Z
304,1,12.0,1015.0,83.0,2019-10-18T18:30:02.594Z
305,1,12.0,1015.0,83.0,2019-10-18T18:45:02.773Z
306,1,12.0,1015.0,83.0,2019-10-18T19:00:02.358Z
307,1,12.0,1015.0,83.0,2019-10-18T19:15:02.917Z
308,1,11.0,1015.0,83.0,2019-10-18T19:30:02.517Z
309,1,11.0,1015.0,83.0,2019-10-18T19:45:03.762Z
310,1,11.0,1015.0,83.0,2019-10-18T20:00:01.887Z
311,1,11.0,1015.0,83.0,2019-10-18T20:15:02.500Z
312,1,11.0,1015.0,83.0,2019-10-18T20:30:01.938Z
313,1,11.0,1015.0,83.0,2019-10-18T20:45:02.342Z
314,1,11.0,1015.0,83.0,2019-10-18T21:00:01.229Z
315,1,12.0,1015.0,83.0,2019-10-18T21:15:02.381Z
316,1,11.0,1015.0,87.0,2019-10-18T21:30:02.192Z
317,1,11.0,1015.0,87.0,2019-10-18T21:45:01.528Z
318,1,11.0,1015.0,87.0,2019-10-18T22:00:02.093Z
319,1,11.0,1015.0,87.0,2019-10-18T22:15:01.950Z
320,1,11.0,1015.0,87.0,2019-10-18T22:30:02.609Z
321,1,11.0,1015.0,87.0,2019-10-18T22:45:02.284Z
322,1,10.0,1015.0,87.0,2019-10-18T23:00:02.618Z
323,1,10.0,1015.0,87.0,2019-10-18T23:15:03.641Z
324,1,10.0,1015.0,87.0,2019-10-18T23:30:03.643Z
325,1,10.0,1015.0,87.0,2019-10-18T23:45:01.735Z
326,1,10.0,1015.0,87.0,2019-10-19T00:00:02.098Z
327,1,11.0,1015.0,87.0,2019-10-19T00:15:01.351Z
328,1,9.0,1016.0,92.0,2019-10-19T00:30:03.184Z
329,1,9.0,1016.0,92.0,2019-10-19T00:45:02.651Z
330,1,9.0,1016.0,92.0,2019-10-19T01:00:03.802Z
331,1,9.0,1016.0,92.0,2019-10-19T01:15:02.411Z
332,1,9.0,1016.0,92.0,2019-10-19T01:30:02.028Z
333,1,9.0,1016.0,92.0,2019-10-19T01:45:03.124Z
334,1,9.0,1016.0,92.0,2019-10-19T02:00:02.159Z
335,1,9.0,1016.0,92.0,2019-10-19T02:15:02.432Z
336,1,9.0,1016.0,92.0,2019-10-19T02:30:02.780Z
337,1,9.0,1016.0,92.0,2019-10-19T02:45:02.046Z
338,1,9.0,1016.0,92.0,2019-10-19T03:00:01.028Z
339,1,10.0,1016.0,92.0,2019-10-19T03:15:02.519Z
340,1,9.0,1017.0,93.0,2019-10-19T03:30:02.242Z
341,1,9.0,1017.0,93.0,2019-10-19T03:45:02.463Z
342,1,9.0,1017.0,93.0,2019-10-19T04:00:01.665Z
343,1,9.0,1017.0,93.0,2019-10-19T04:15:03.610Z
344,1,9.0,1017.0,93.0,2019-10-19T04:30:03.036Z
345,1,9.0,1017.0,93.0,2019-10-19T04:45:02.603Z
346,1,9.0,1017.0,93.0,2019-10-19T05:00:01.788Z
347,1,9.0,1017.0,93.0,2019-10-19T05:15:03.344Z
348,1,9.0,1017.0,93.0,2019-10-19T05:30:02.810Z
349,1,9.0,1017.0,93.0,2019-10-19T05:45:01.817Z
350,1,10.0,1017.0,93.0,2019-10-19T06:00:01.909Z
351,1,11.0,1017.0,93.0,2019-10-19T06:15:02.610Z
352,1,9.0,1018.0,93.0,2019-10-19T06:30:03.751Z
353,1,10.0,1018.0,93.0,2019-10-19T06:45:02.461Z
354,1,10.0,1018.0,93.0,2019-10-19T07:00:02.650Z
355,1,10.0,1018.0,93.0,2019-10-19T07:15:02.243Z
356,1,10.0,1018.0,93.0,2019-10-19T07:30:02.124Z
357,1,10.0,1018.0,93.0,2019-10-19T07:45:02.914Z
358,1,11.0,1018.0,93.0,2019-10-19T08:00:02.744Z
359,1,11.0,1018.0,93.0,2019-10-19T08:15:02.864Z
360,1,11.0,1018.0,93.0,2019-10-19T08:30:01.718Z
361,1,11.0,1018.0,93.0,2019-10-19T08:45:01.451Z
362,1,11.0,1018.0,93.0,2019-10-19T09:00:01.104Z
363,1,13.0,1018.0,93.0,2019-10-19T09:15:03.237Z
364,1,11.0,1018.0,87.0,2019-10-19T09:30:03.013Z
365,1,11.0,1018.0,87.0,2019-10-19T09:45:03.551Z
366,1,11.0,1018.0,87.0,2019-10-19T10:00:01.427Z
367,1,11.0,1018.0,87.0,2019-10-19T10:15:02.684Z
368,1,11.0,1018.0,87.0,2019-10-19T10:30:01.721Z
369,1,11.0,1018.0,87.0,2019-10-19T10:45:02.587Z
370,1,11.0,1018.0,87.0,2019-10-19T11:00:01.537Z
371,1,11.0,1018.0,87.0,2019-10-19T11:15:03.438Z
372,1,11.0,1018.0,87.0,2019-10-19T11:30:01.642Z
373,1,11.0,1018.0,87.0,2019-10-19T11:45:02.165Z
374,1,12.0,1018.0,87.0,2019-10-19T12:00:01.720Z
375,1,14.0,1018.0,87.0,2019-10-19T12:15:02.215Z
376,1,12.0,1018.0,81.0,2019-10-19T12:30:02.244Z
377,1,12.0,1018.0,81.0,2019-10-19T12:45:02.395Z
378,1,12.0,1018.0,81.0,2019-10-19T13:00:03.829Z
379,1,12.0,1018.0,81.0,2019-10-19T13:15:02.260Z
380,1,12.0,1018.0,81.0,2019-10-19T13:30:02.879Z
381,1,11.0,1018.0,81.0,2019-10-19T13:45:03.259Z
382,1,11.0,1018.0,81.0,2019-10-19T14:00:03.209Z
383,1,11.0,1018.0,81.0,2019-10-19T14:15:02.205Z
384,1,11.0,1018.0,81.0,2019-10-19T14:30:02.167Z
385,1,11.0,1018.0,81.0,2019-10-19T14:45:03.120Z
386,1,11.0,1018.0,81.0,2019-10-19T15:00:01.819Z
387,1,14.0,1018.0,81.0,2019-10-19T15:15:02.475Z
388,1,11.0,1018.0,85.0,2019-10-19T15:30:02.468Z
389,1,11.0,1018.0,85.0,2019-10-19T15:45:02.792Z
390,1,11.0,1018.0,85.0,2019-10-19T16:00:00.957Z
391,1,11.0,1018.0,85.0,2019-10-19T16:15:01.415Z
392,1,11.0,1018.0,85.0,2019-10-19T16:30:02.513Z
393,1,10.0,1018.0,85.0,2019-10-19T16:45:02.147Z
394,1,10.0,1018.0,85.0,2019-10-19T17:00:01.884Z
395,1,10.0,1018.0,85.0,2019-10-19T17:15:02.623Z
396,1,10.0,1018.0,85.0,2019-10-19T17:30:01.610Z
397,1,10.0,1018.0,85.0,2019-10-19T17:45:01.641Z
398,1,10.0,1018.0,85.0,2019-10-19T18:00:01.438Z
399,1,10.0,1018.0,85.0,2019-10-19T18:15:02.177Z
400,1,8.0,1019.0,90.0,2019-10-19T18:30:01.897Z
401,1,8.0,1019.0,90.0,2019-10-19T18:45:02.358Z
402,1,8.0,1019.0,90.0,2019-10-19T19:00:01.647Z
403,1,8.0,1019.0,90.0,2019-10-19T19:15:02.458Z
404,1,8.0,1019.0,90.0,2019-10-19T19:30:02.050Z
405,1,8.0,1019.0,90.0,2019-10-19T19:45:02.849Z
406,1,8.0,1019.0,90.0,2019-10-19T20:00:02.081Z
407,1,7.0,1019.0,90.0,2019-10-19T20:15:02.059Z
408,1,7.0,1019.0,90.0,2019-10-19T20:30:01.927Z
409,1,7.0,1019.0,90.0,2019-10-19T20:45:01.484Z
410,1,7.0,1019.0,90.0,2019-10-19T21:00:01.793Z
411,1,12.0,1019.0,90.0,2019-10-19T21:15:01.894Z
412,1,9.0,1019.0,93.0,2019-10-19T21:30:03.715Z
413,1,9.0,1019.0,93.0,2019-10-19T21:45:02.543Z
414,1,9.0,1019.0,93.0,2019-10-19T22:00:03.909Z
415,1,9.0,1019.0,93.0,2019-10-19T22:15:02.539Z
416,1,9.0,1019.0,93.0,2019-10-19T22:30:02.779Z
417,1,9.0,1019.0,93.0,2019-10-19T22:45:02.225Z
418,1,9.0,1019.0,93.0,2019-10-19T23:00:02.280Z
419,1,9.0,1019.0,93.0,2019-10-19T23:15:03.658Z
420,1,8.0,1019.0,93.0,2019-10-19T23:30:01.587Z
421,1,8.0,1019.0,93.0,2019-10-19T23:45:02.924Z
422,1,8.0,1019.0,93.0,2019-10-20T00:00:01.691Z
423,1,11.0,1019.0,93.0,2019-10-20T00:15:02.584Z
424,1,8.0,1019.0,94.0,2019-10-20T00:30:03.604Z
425,1,8.0,1019.0,94.0,2019-10-20T00:45:03.697Z
426,1,8.0,1019.0,94.0,2019-10-20T01:00:02.927Z
427,1,8.0,1019.0,94.0,2019-10-20T01:15:02.063Z
428,1,8.0,1019.0,94.0,2019-10-20T01:30:02.013Z
429,1,8.0,1019.0,94.0,2019-10-20T01:45:01.652Z
430,1,8.0,1019.0,94.0,2019-10-20T02:00:02.365Z
431,1,8.0,1019.0,94.0,2019-10-20T02:15:02.412Z
432,1,8.0,1019.0,94.0,2019-10-20T02:30:02.282Z
433,1,8.0,1019.0,94.0,2019-10-20T02:45:02.196Z
434,1,8.0,1019.0,94.0,2019-10-20T03:00:03.559Z
435,1,11.0,1019.0,94.0,2019-10-20T03:15:02.653Z
436,1,9.0,1020.0,95.0,2019-10-20T03:30:04.049Z
437,1,9.0,1020.0,95.0,2019-10-20T03:45:02.908Z
438,1,9.0,1020.0,95.0,2019-10-20T04:00:01.424Z
439,1,9.0,1020.0,95.0,2019-10-20T04:15:01.363Z
440,1,9.0,1020.0,95.0,2019-10-20T04:30:00.748Z
441,1,9.0,1020.0,95.0,2019-10-20T04:45:02.842Z
442,1,10.0,1020.0,95.0,2019-10-20T05:00:02.225Z
443,1,10.0,1020.0,95.0,2019-10-20T05:15:01.343Z
444,1,10.0,1020.0,95.0,2019-10-20T05:30:02.132Z
445,1,10.0,1020.0,95.0,2019-10-20T05:45:01.702Z
446,1,10.0,1020.0,95.0,2019-10-20T06:00:03.481Z
447,1,12.0,1020.0,95.0,2019-10-20T06:15:01.969Z
448,1,11.0,1021.0,95.0,2019-10-20T06:30:02.503Z
449,1,11.0,1021.0,95.0,2019-10-20T06:45:02.422Z
450,1,11.0,1021.0,95.0,2019-10-20T07:00:02.945Z
451,1,11.0,1021.0,95.0,2019-10-20T07:15:02.203Z
452,1,12.0,1021.0,95.0,2019-10-20T07:30:02.725Z
453,1,12.0,1021.0,95.0,2019-10-20T07:45:02.742Z
454,1,12.0,1021.0,95.0,2019-10-20T08:00:03.159Z
455,1,13.0,1021.0,95.0,2019-10-20T08:15:02.123Z
456,1,13.0,1021.0,95.0,2019-10-20T08:30:01.508Z
457,1,13.0,1021.0,95.0,2019-10-20T08:45:01.845Z
458,1,14.0,1021.0,95.0,2019-10-20T09:00:01.763Z
459,1,15.0,1021.0,95.0,2019-10-20T09:15:02.321Z
460,1,12.0,1021.0,95.0,2019-10-20T09:30:02.600Z
461,1,12.0,1021.0,95.0,2019-10-20T09:45:02.514Z
462,1,12.0,1021.0,95.0,2019-10-20T10:00:02.981Z
463,1,12.0,1021.0,95.0,2019-10-20T10:15:03.257Z
464,1,12.0,1021.0,95.0,2019-10-20T10:30:02.428Z
465,1,12.0,1021.0,95.0,2019-10-20T10:45:01.502Z
466,1,13.0,1021.0,95.0,2019-10-20T11:00:01.768Z
467,1,13.0,1021.0,95.0,2019-10-20T11:15:02.494Z
468,1,13.0,1021.0,95.0,2019-10-20T11:30:02.190Z
469,1,13.0,1021.0,95.0,2019-10-20T11:45:01.719Z
470,1,13.0,1021.0,95.0,2019-10-20T12:00:01.883Z
471,1,17.0,1021.0,95.0,2019-10-20T12:15:02.368Z
472,1,11.0,1021.0,93.0,2019-10-20T12:30:02.389Z
473,1,11.0,1021.0,93.0,2019-10-20T12:45:02.600Z
474,1,11.0,1021.0,93.0,2019-10-20T13:00:02.351Z
475,1,11.0,1021.0,93.0,2019-10-20T13:15:03.076Z
476,1,11.0,1021.0,93.0,2019-10-20T13:30:01.852Z
477,1,11.0,1021.0,93.0,2019-10-20T13:45:01.769Z
478,1,11.0,1021.0,93.0,2019-10-20T14:00:01.405Z
479,1,10.0,1021.0,93.0,2019-10-20T14:15:02.276Z
480,1,10.0,1021.0,93.0,2019-10-20T14:30:02.955Z
481,1,10.0,1021.0,93.0,2019-10-20T14:45:02.019Z
482,1,10.0,1021.0,93.0,2019-10-20T15:00:02.285Z
483,1,16.0,1021.0,93.0,2019-10-20T15:15:03.056Z
484,1,12.0,1021.0,87.0,2019-10-20T15:30:01.825Z
485,1,12.0,1021.0,87.0,2019-10-20T15:45:01.539Z
486,1,12.0,1021.0,87.0,2019-10-20T16:00:01.088Z
487,1,11.0,1021.0,87.0,2019-10-20T16:15:03.132Z
488,1,11.0,1021.0,87.0,2019-10-20T16:30:02.424Z
489,1,11.0,1021.0,87.0,2019-10-20T16:45:01.915Z
490,1,11.0,1021.0,87.0,2019-10-20T17:00:01.722Z
491,1,11.0,1021.0,87.0,2019-10-20T17:15:01.616Z
492,1,11.0,1021.0,87.0,2019-10-20T17:30:02.278Z
493,1,11.0,1021.0,87.0,2019-10-20T17:45:01.977Z
494,1,11.0,1021.0,87.0,2019-10-20T18:00:01.917Z
495,1,14.0,1021.0,87.0,2019-10-20T18:15:03.629Z
496,1,10.0,1021.0,94.0,2019-10-20T18:30:02.905Z
497,1,10.0,1021.0,94.0,2019-10-20T18:45:03.120Z
498,1,10.0,1021.0,94.0,2019-10-20T19:00:02.656Z
499,1,10.0,1021.0,94.0,2019-10-20T19:15:02.529Z
500,1,10.0,1021.0,94.0,2019-10-20T19:30:01.738Z
501,1,10.0,1021.0,94.0,2019-10-20T19:45:01.495Z
502,1,10.0,1021.0,94.0,2019-10-20T20:00:01.578Z
503,1,10.0,1021.0,94.0,2019-10-20T20:15:02.478Z
504,1,10.0,1021.0,94.0,2019-10-20T20:30:03.609Z
505,1,9.0,1021.0,94.0,2019-10-20T20:45:03.545Z
506,1,9.0,1021.0,94.0,2019-10-20T21:00:01.530Z
507,1,13.0,1021.0,94.0,2019-10-20T21:15:01.869Z
508,1,11.0,1021.0,90.0,2019-10-20T21:30:02.735Z
509,1,11.0,1021.0,90.0,2019-10-20T21:45:03.807Z
510,1,11.0,1021.0,90.0,2019-10-20T22:00:01.016Z
511,1,11.0,1021.0,90.0,2019-10-20T22:15:02.542Z
512,1,11.0,1021.0,90.0,2019-10-20T22:30:01.283Z
513,1,11.0,1021.0,90.0,2019-10-20T22:45:02.861Z
514,1,11.0,1021.0,90.0,2019-10-20T23:00:01.369Z
515,1,11.0,1021.0,90.0,2019-10-20T23:15:05.488Z
516,1,11.0,1021.0,90.0,2019-10-20T23:30:03.530Z
517,1,11.0,1021.0,90.0,2019-10-20T23:45:02.372Z
518,1,11.0,1021.0,90.0,2019-10-21T00:00:01.883Z
519,1,12.0,1021.0,90.0,2019-10-21T00:15:01.709Z
520,1,11.0,1021.0,89.0,2019-10-21T00:30:03.424Z
521,1,11.0,1021.0,89.0,2019-10-21T00:45:03.709Z
522,1,11.0,1021.0,89.0,2019-10-21T01:00:04.937Z
523,1,11.0,1021.0,89.0,2019-10-21T01:15:04.306Z
524,1,11.0,1021.0,89.0,2019-10-21T01:30:02.090Z
525,1,11.0,1021.0,89.0,2019-10-21T01:45:02.601Z
526,1,10.0,1021.0,89.0,2019-10-21T02:00:01.578Z
527,1,10.0,1021.0,89.0,2019-10-21T02:15:02.854Z
528,1,10.0,1021.0,89.0,2019-10-21T02:30:01.807Z
529,1,10.0,1021.0,89.0,2019-10-21T02:45:02.154Z
530,1,10.0,1021.0,89.0,2019-10-21T03:00:02.889Z
531,1,11.0,1021.0,89.0,2019-10-21T03:15:02.765Z
532,1,10.0,1022.0,89.0,2019-10-21T03:30:03.425Z
533,1,10.0,1022.0,89.0,2019-10-21T03:45:02.649Z
534,1,10.0,1022.0,89.0,2019-10-21T04:00:01.337Z
535,1,10.0,1022.0,89.0,2019-10-21T04:15:01.687Z
536,1,10.0,1022.0,89.0,2019-10-21T04:30:02.767Z
537,1,10.0,1022.0,89.0,2019-10-21T04:45:02.442Z
538,1,10.0,1022.0,89.0,2019-10-21T05:00:03.189Z
539,1,10.0,1022.0,89.0,2019-10-21T05:15:02.246Z
540,1,10.0,1022.0,89.0,2019-10-21T05:30:01.366Z
541,1,10.0,1022.0,89.0,2019-10-21T05:45:02.410Z
542,1,11.0,1022.0,89.0,2019-10-21T06:00:01.671Z
543,1,12.0,1022.0,89.0,2019-10-21T06:15:02.200Z
544,1,13.0,1023.0,78.0,2019-10-21T06:30:02.413Z
545,1,13.0,1023.0,78.0,2019-10-21T06:45:02.280Z
546,1,13.0,1023.0,78.0,2019-10-21T07:00:02.384Z
547,1,14.0,1023.0,78.0,2019-10-21T07:15:02.290Z
548,1,14.0,1023.0,78.0,2019-10-21T07:30:02.072Z
549,1,14.0,1023.0,78.0,2019-10-21T07:45:03.335Z
550,1,14.0,1023.0,78.0,2019-10-21T08:00:03.702Z
551,1,15.0,1023.0,78.0,2019-10-21T08:15:02.239Z
552,1,15.0,1023.0,78.0,2019-10-21T08:30:02.979Z
553,1,15.0,1023.0,78.0,2019-10-21T08:45:01.843Z
554,1,15.0,1023.0,78.0,2019-10-21T09:00:02.616Z
555,1,15.0,1023.0,78.0,2019-10-21T09:15:03.227Z
556,1,17.0,1023.0,55.0,2019-10-21T09:30:03.481Z
557,1,18.0,1023.0,55.0,2019-10-21T09:45:02.773Z
558,1,18.0,1023.0,55.0,2019-10-21T10:00:02.067Z
559,1,18.0,1023.0,55.0,2019-10-21T10:15:02.434Z
560,1,18.0,1023.0,55.0,2019-10-21T10:30:02.774Z
561,1,18.0,1023.0,55.0,2019-10-21T10:45:02.525Z
562,1,19.0,1023.0,55.0,2019-10-21T11:00:02.084Z
563,1,19.0,1023.0,55.0,2019-10-21T11:15:02.407Z
564,1,19.0,1023.0,55.0,2019-10-21T11:30:02.563Z
565,1,19.0,1023.0,55.0,2019-10-21T11:45:01.661Z
566,1,19.0,1023.0,55.0,2019-10-21T12:00:02.012Z
567,1,17.0,1023.0,55.0,2019-10-21T12:15:02.181Z
568,1,21.0,1021.0,37.0,2019-10-21T12:30:02.434Z
569,1,21.0,1021.0,37.0,2019-10-21T12:45:03.018Z
570,1,20.0,1021.0,37.0,2019-10-21T13:00:03.772Z
571,1,20.0,1021.0,37.0,2019-10-21T13:15:03.846Z
572,1,20.0,1021.0,37.0,2019-10-21T13:30:01.985Z
573,1,20.0,1021.0,37.0,2019-10-21T13:45:01.984Z
574,1,20.0,1021.0,37.0,2019-10-21T14:00:02.297Z
575,1,20.0,1021.0,37.0,2019-10-21T14:15:03.197Z
576,1,20.0,1021.0,37.0,2019-10-21T14:30:02.744Z
577,1,19.0,1021.0,37.0,2019-10-21T14:45:03.629Z
578,1,19.0,1021.0,37.0,2019-10-21T15:00:04.125Z
579,1,15.0,1021.0,37.0,2019-10-21T15:15:04.070Z
580,1,17.0,1021.0,45.0,2019-10-21T15:30:01.925Z
581,1,17.0,1021.0,45.0,2019-10-21T15:45:00.917Z
582,1,17.0,1021.0,45.0,2019-10-21T16:00:03.416Z
583,1,17.0,1021.0,45.0,2019-10-21T16:15:02.215Z
584,1,17.0,1021.0,45.0,2019-10-21T16:30:02.634Z
585,1,17.0,1021.0,45.0,2019-10-21T16:45:02.430Z
586,1,17.0,1021.0,45.0,2019-10-21T17:00:01.781Z
587,1,16.0,1021.0,45.0,2019-10-21T17:15:02.254Z
588,1,16.0,1021.0,45.0,2019-10-21T17:30:04.191Z
589,1,16.0,1021.0,45.0,2019-10-21T17:45:03.562Z
590,1,16.0,1021.0,45.0,2019-10-21T18:00:03.038Z
591,1,14.0,1021.0,45.0,2019-10-21T18:15:02.191Z
592,1,14.0,1021.0,60.0,2019-10-21T18:30:02.886Z
593,1,14.0,1021.0,60.0,2019-10-21T18:45:03.490Z
594,1,14.0,1021.0,60.0,2019-10-21T19:00:02.503Z
595,1,14.0,1021.0,60.0,2019-10-21T19:15:02.291Z
596,1,14.0,1021.0,60.0,2019-10-21T19:30:02.098Z
597,1,14.0,1021.0,60.0,2019-10-21T19:45:03.520Z
598,1,14.0,1021.0,60.0,2019-10-21T20:00:02.912Z
599,1,14.0,1021.0,60.0,2019-10-21T20:15:01.035Z
600,1,13.0,1021.0,60.0,2019-10-21T20:30:03.660Z
601,1,13.0,1021.0,60.0,2019-10-21T20:45:01.679Z
602,1,13.0,1021.0,60.0,2019-10-21T21:00:03.371Z
603,1,12.0,1021.0,60.0,2019-10-21T21:15:02.121Z
604,1,11.0,1021.0,78.0,2019-10-21T21:30:04.160Z
605,1,11.0,1021.0,78.0,2019-10-21T21:45:02.585Z
606,1,11.0,1021.0,78.0,2019-10-21T22:00:04.665Z
607,1,11.0,1021.0,78.0,2019-10-21T22:15:02.674Z
608,1,11.0,1021.0,78.0,2019-10-21T22:30:02.653Z
609,1,11.0,1021.0,78.0,2019-10-21T22:45:02.175Z
610,1,11.0,1021.0,78.0,2019-10-21T23:00:01.493Z
611,1,11.0,1021.0,78.0,2019-10-21T23:15:03.952Z
612,1,11.0,1021.0,78.0,2019-10-21T23:30:02.237Z
613,1,11.0,1021.0,78.0,2019-10-21T23:45:02.496Z
614,1,10.0,1021.0,78.0,2019-10-22T00:00:02.340Z
615,1,11.0,1021.0,78.0,2019-10-22T00:15:02.622Z
616,1,10.0,1021.0,78.0,2019-10-22T00:30:03.809Z
617,1,10.0,1021.0,78.0,2019-10-22T00:45:02.424Z
618,1,10.0,1021.0,78.0,2019-10-22T01:00:03.087Z
619,1,10.0,1021.0,78.0,2019-10-22T01:15:01.890Z
620,1,10.0,1021.0,78.0,2019-10-22T01:30:02.758Z
621,1,10.0,1021.0,78.0,2019-10-22T01:45:02.067Z
622,1,10.0,1021.0,78.0,2019-10-22T02:00:04.278Z
623,1,10.0,1021.0,78.0,2019-10-22T02:15:03.484Z
624,1,10.0,1021.0,78.0,2019-10-22T02:30:02.195Z
625,1,10.0,1021.0,78.0,2019-10-22T02:45:01.380Z
626,1,9.0,1021.0,78.0,2019-10-22T03:00:01.520Z
627,1,9.0,1021.0,78.0,2019-10-22T03:15:00.999Z
628,1,9.0,1021.0,80.0,2019-10-22T03:30:02.938Z
629,1,9.0,1021.0,80.0,2019-10-22T03:45:03.255Z
630,1,9.0,1021.0,80.0,2019-10-22T04:00:03.185Z
631,1,9.0,1021.0,80.0,2019-10-22T04:15:02.172Z
632,1,9.0,1021.0,80.0,2019-10-22T04:30:03.783Z
633,1,9.0,1021.0,80.0,2019-10-22T04:45:01.628Z
634,1,9.0,1021.0,80.0,2019-10-22T05:00:02.159Z
635,1,10.0,1021.0,80.0,2019-10-22T05:15:03.696Z
636,1,10.0,1021.0,80.0,2019-10-22T05:30:02.071Z
637,1,10.0,1021.0,80.0,2019-10-22T05:45:01.946Z
638,1,10.0,1021.0,80.0,2019-10-22T06:00:02.371Z
639,1,11.0,1021.0,80.0,2019-10-22T06:15:02.703Z
640,1,12.0,1022.0,73.0,2019-10-22T06:30:03.008Z
641,1,12.0,1022.0,73.0,2019-10-22T06:45:02.634Z
642,1,12.0,1022.0,73.0,2019-10-22T07:00:03.455Z
643,1,13.0,1022.0,73.0,2019-10-22T07:15:02.668Z
644,1,13.0,1022.0,73.0,2019-10-22T07:30:02.351Z
645,1,13.0,1022.0,73.0,2019-10-22T07:45:03.050Z
646,1,13.0,1022.0,73.0,2019-10-22T08:00:01.011Z
647,1,14.0,1022.0,73.0,2019-10-22T08:15:03.003Z
648,1,14.0,1022.0,73.0,2019-10-22T08:30:03.112Z
649,1,14.0,1022.0,73.0,2019-10-22T08:45:03.011Z
650,1,15.0,1022.0,73.0,2019-10-22T09:00:01.895Z
651,1,14.0,1022.0,73.0,2019-10-22T09:15:02.536Z
652,1,18.0,1021.0,52.0,2019-10-22T09:30:02.327Z
653,1,18.0,1021.0,52.0,2019-10-22T09:45:03.751Z
654,1,18.0,1021.0,52.0,2019-10-22T10:00:02.995Z
655,1,18.0,1021.0,52.0,2019-10-22T10:15:04.951Z
656,1,18.0,1021.0,52.0,2019-10-22T10:30:02.613Z
657,1,18.0,1021.0,52.0,2019-10-22T10:45:02.167Z
658,1,19.0,1021.0,52.0,2019-10-22T11:00:02.410Z
659,1,19.0,1021.0,52.0,2019-10-22T11:15:03.486Z
660,1,19.0,1021.0,52.0,2019-10-22T11:30:02.161Z
661,1,19.0,1021.0,52.0,2019-10-22T11:45:01.691Z
662,1,19.0,1021.0,52.0,2019-10-22T12:00:02.655Z
663,1,16.0,1021.0,52.0,2019-10-22T12:15:03.434Z
664,1,18.0,1020.0,43.0,2019-10-22T12:30:03.558Z
665,1,18.0,1020.0,43.0,2019-10-22T12:45:03.172Z
666,1,18.0,1020.0,43.0,2019-10-22T13:00:03.254Z
667,1,18.0,1020.0,43.0,2019-10-22T13:15:04.041Z
668,1,18.0,1020.0,43.0,2019-10-22T13:30:03.948Z
669,1,18.0,1020.0,43.0,2019-10-22T13:45:03.082Z
670,1,18.0,1020.0,43.0,2019-10-22T14:00:02.403Z
671,1,18.0,1020.0,43.0,2019-10-22T14:15:02.145Z
672,1,18.0,1020.0,43.0,2019-10-22T14:30:02.240Z
673,1,18.0,1020.0,43.0,2019-10-22T14:45:03.452Z
674,1,18.0,1020.0,43.0,2019-10-22T15:00:02.393Z
675,1,15.0,1020.0,43.0,2019-10-22T15:15:03.472Z
676,1,15.0,1020.0,60.0,2019-10-22T15:30:03.037Z
677,1,15.0,1020.0,60.0,2019-10-22T15:45:02.339Z
678,1,15.0,1020.0,60.0,2019-10-22T16:00:01.897Z
679,1,15.0,1020.0,60.0,2019-10-22T16:15:02.215Z
680,1,15.0,1020.0,60.0,2019-10-22T16:30:03.633Z
681,1,15.0,1020.0,60.0,2019-10-22T16:45:03.074Z
682,1,14.0,1020.0,60.0,2019-10-22T17:00:02.459Z
683,1,14.0,1020.0,60.0,2019-10-22T17:15:02.623Z
684,1,14.0,1020.0,60.0,2019-10-22T17:30:03.000Z
685,1,14.0,1020.0,60.0,2019-10-22T17:45:03.717Z
686,1,14.0,1020.0,60.0,2019-10-22T18:00:01.125Z
687,1,13.0,1020.0,60.0,2019-10-22T18:15:01.987Z
688,1,14.0,1020.0,60.0,2019-10-22T18:30:03.025Z
689,1,14.0,1020.0,60.0,2019-10-22T18:45:02.071Z
690,1,14.0,1020.0,60.0,2019-10-22T19:00:02.724Z
691,1,14.0,1020.0,60.0,2019-10-22T19:15:02.241Z
692,1,14.0,1020.0,60.0,2019-10-22T19:30:02.164Z
693,1,14.0,1020.0,60.0,2019-10-22T19:45:03.276Z
694,1,14.0,1020.0,60.0,2019-10-22T20:00:01.350Z
695,1,14.0,1020.0,60.0,2019-10-22T20:15:02.441Z
696,1,14.0,1020.0,60.0,2019-10-22T20:30:01.371Z
697,1,14.0,1020.0,60.0,2019-10-22T20:45:02.295Z
698,1,14.0,1020.0,60.0,2019-10-22T21:00:01.732Z
699,1,13.0,1020.0,60.0,2019-10-22T21:15:03.296Z
700,1,12.0,1020.0,80.0,2019-10-22T21:30:03.694Z
701,1,12.0,1020.0,80.0,2019-10-22T21:45:02.427Z
702,1,12.0,1020.0,80.0,2019-10-22T22:00:03.171Z
703,1,11.0,1020.0,80.0,2019-10-22T22:15:04.041Z
704,1,11.0,1020.0,80.0,2019-10-22T22:30:03.041Z
705,1,11.0,1020.0,80.0,2019-10-22T22:45:02.987Z
706,1,11.0,1020.0,80.0,2019-10-22T23:00:03.340Z
707,1,11.0,1020.0,80.0,2019-10-22T23:15:02.924Z
708,1,11.0,1020.0,80.0,2019-10-22T23:30:04.385Z
709,1,11.0,1020.0,80.0,2019-10-22T23:45:01.748Z
710,1,11.0,1020.0,80.0,2019-10-23T00:00:01.632Z
711,1,12.0,1020.0,80.0,2019-10-23T00:15:02.089Z
712,1,11.0,1020.0,78.0,2019-10-23T00:30:03.304Z
713,1,11.0,1020.0,78.0,2019-10-23T00:45:02.964Z
714,1,11.0,1020.0,78.0,2019-10-23T01:00:02.080Z
715,1,11.0,1020.0,78.0,2019-10-23T01:15:03.440Z
716,1,11.0,1020.0,78.0,2019-10-23T01:30:03.440Z
717,1,11.0,1020.0,78.0,2019-10-23T01:45:03.115Z
718,1,11.0,1020.0,78.0,2019-10-23T02:00:01.803Z
719,1,11.0,1020.0,78.0,2019-10-23T02:15:02.404Z
720,1,11.0,1020.0,78.0,2019-10-23T02:30:02.769Z
721,1,11.0,1020.0,78.0,2019-10-23T02:45:03.509Z
722,1,11.0,1020.0,78.0,2019-10-23T03:00:01.428Z
723,1,11.0,1020.0,78.0,2019-10-23T03:15:03.372Z
724,1,10.0,1020.0,84.0,2019-10-23T03:30:02.359Z
725,1,10.0,1020.0,84.0,2019-10-23T03:45:03.410Z
726,1,10.0,1020.0,84.0,2019-10-23T04:00:01.229Z
727,1,10.0,1020.0,84.0,2019-10-23T04:15:01.691Z
728,1,10.0,1020.0,84.0,2019-10-23T04:30:01.740Z
729,1,10.0,1020.0,84.0,2019-10-23T04:45:03.516Z
730,1,10.0,1020.0,84.0,2019-10-23T05:00:04.289Z
731,1,10.0,1020.0,84.0,2019-10-23T05:15:02.513Z
732,1,10.0,1020.0,84.0,2019-10-23T05:30:02.049Z
733,1,10.0,1020.0,84.0,2019-10-23T05:45:01.773Z
734,1,11.0,1020.0,84.0,2019-10-23T06:00:01.268Z
735,1,12.0,1020.0,84.0,2019-10-23T06:15:03.451Z
736,1,13.0,1020.0,72.0,2019-10-23T06:30:02.313Z
737,1,13.0,1020.0,72.0,2019-10-23T06:45:02.469Z
738,1,13.0,1020.0,72.0,2019-10-23T07:00:02.293Z
739,1,13.0,1020.0,72.0,2019-10-23T07:15:02.237Z
740,1,13.0,1020.0,72.0,2019-10-23T07:30:02.477Z
741,1,14.0,1020.0,72.0,2019-10-23T07:45:03.118Z
742,1,14.0,1020.0,72.0,2019-10-23T08:00:02.315Z
743,1,14.0,1020.0,72.0,2019-10-23T08:15:02.477Z
744,1,14.0,1020.0,72.0,2019-10-23T08:30:02.657Z
745,1,14.0,1020.0,72.0,2019-10-23T08:45:02.400Z
746,1,14.0,1020.0,72.0,2019-10-23T09:00:02.143Z
747,1,14.0,1020.0,72.0,2019-10-23T09:15:02.050Z
748,1,16.0,1020.0,61.0,2019-10-23T09:30:02.733Z
749,1,16.0,1020.0,61.0,2019-10-23T09:45:02.328Z
750,1,16.0,1020.0,61.0,2019-10-23T10:00:02.206Z
751,1,16.0,1020.0,61.0,2019-10-23T10:15:02.117Z
752,1,16.0,1020.0,61.0,2019-10-23T10:30:02.167Z
753,1,16.0,1020.0,61.0,2019-10-23T10:45:02.452Z
754,1,16.0,1020.0,61.0,2019-10-23T11:00:02.946Z
755,1,16.0,1020.0,61.0,2019-10-23T11:15:02.239Z
756,1,16.0,1020.0,61.0,2019-10-23T11:30:02.551Z
757,1,16.0,1020.0,61.0,2019-10-23T11:45:02.043Z
758,1,16.0,1020.0,61.0,2019-10-23T12:00:02.451Z
759,1,15.0,1020.0,61.0,2019-10-23T12:15:02.704Z
760,1,18.0,1019.0,38.0,2019-10-23T12:30:03.208Z
761,1,18.0,1019.0,38.0,2019-10-23T12:45:02.277Z
762,1,18.0,1019.0,38.0,2019-10-23T13:00:03.568Z
763,1,18.0,1019.0,38.0,2019-10-23T13:15:02.477Z
764,1,18.0,1019.0,38.0,2019-10-23T13:30:02.961Z
765,1,18.0,1019.0,38.0,2019-10-23T13:45:02.736Z
766,1,17.0,1019.0,38.0,2019-10-23T14:00:03.219Z
767,1,17.0,1019.0,38.0,2019-10-23T14:15:02.592Z
768,1,17.0,1019.0,38.0,2019-10-23T14:30:02.550Z
769,1,17.0,1019.0,38.0,2019-10-23T14:45:02.426Z
770,1,17.0,1019.0,38.0,2019-10-23T15:00:01.248Z
771,1,17.0,1019.0,38.0,2019-10-23T15:15:01.489Z
772,1,15.0,1018.0,51.0,2019-10-23T15:30:02.134Z
773,1,15.0,1018.0,51.0,2019-10-23T15:45:00.887Z
774,1,15.0,1018.0,51.0,2019-10-23T16:00:01.964Z
775,1,15.0,1018.0,51.0,2019-10-23T16:15:02.625Z
776,1,15.0,1018.0,51.0,2019-10-23T16:30:01.924Z
777,1,15.0,1018.0,51.0,2019-10-23T16:45:03.127Z
778,1,15.0,1018.0,51.0,2019-10-23T17:00:02.342Z
779,1,15.0,1018.0,51.0,2019-10-23T17:15:03.700Z
780,1,15.0,1018.0,51.0,2019-10-23T17:30:04.190Z
781,1,14.0,1018.0,51.0,2019-10-23T17:45:02.312Z
782,1,14.0,1018.0,51.0,2019-10-23T18:00:01.417Z
783,1,13.0,1018.0,51.0,2019-10-23T18:15:02.550Z
784,1,13.0,1018.0,73.0,2019-10-23T18:30:02.886Z
785,1,13.0,1018.0,73.0,2019-10-23T18:45:02.291Z
786,1,12.0,1018.0,73.0,2019-10-23T19:00:03.055Z
787,1,12.0,1018.0,73.0,2019-10-23T19:15:02.470Z
788,1,12.0,1018.0,73.0,2019-10-23T19:30:01.555Z
789,1,12.0,1018.0,73.0,2019-10-23T19:45:01.927Z
790,1,12.0,1018.0,73.0,2019-10-23T20:00:01.585Z
791,1,12.0,1018.0,73.0,2019-10-23T20:15:04.676Z
792,1,12.0,1018.0,73.0,2019-10-23T20:30:02.253Z
793,1,12.0,1018.0,73.0,2019-10-23T20:45:02.298Z
794,1,12.0,1018.0,73.0,2019-10-23T21:00:02.092Z
795,1,12.0,1018.0,73.0,2019-10-23T21:15:02.808Z
796,1,11.0,1018.0,71.0,2019-10-23T21:30:02.503Z
797,1,11.0,1018.0,71.0,2019-10-23T21:45:04.381Z
798,1,11.0,1018.0,71.0,2019-10-23T22:00:03.573Z
799,1,11.0,1018.0,71.0,2019-10-23T22:15:06.294Z
800,1,11.0,1018.0,71.0,2019-10-23T22:30:01.580Z
801,1,11.0,1018.0,71.0,2019-10-23T22:45:01.426Z
802,1,11.0,1018.0,71.0,2019-10-23T23:00:01.858Z
803,1,11.0,1018.0,71.0,2019-10-23T23:15:02.101Z
804,1,11.0,1018.0,71.0,2019-10-23T23:30:01.755Z
805,1,11.0,1018.0,71.0,2019-10-23T23:45:01.754Z
806,1,10.0,1018.0,71.0,2019-10-24T00:00:01.288Z
807,1,12.0,1018.0,71.0,2019-10-24T00:15:01.860Z
808,1,10.0,1018.0,82.0,2019-10-24T00:30:03.293Z
809,1,10.0,1018.0,82.0,2019-10-24T00:45:02.455Z
810,1,10.0,1018.0,82.0,2019-10-24T01:00:03.300Z
811,1,10.0,1018.0,82.0,2019-10-24T01:15:02.119Z
812,1,10.0,1018.0,82.0,2019-10-24T01:30:02.376Z
813,1,9.0,1018.0,82.0,2019-10-24T01:45:01.231Z
814,1,9.0,1018.0,82.0,2019-10-24T02:00:02.624Z
815,1,9.0,1018.0,82.0,2019-10-24T02:15:02.829Z
816,1,9.0,1018.0,82.0,2019-10-24T02:30:02.105Z
817,1,9.0,1018.0,82.0,2019-10-24T02:45:02.723Z
818,1,9.0,1018.0,82.0,2019-10-24T03:00:01.912Z
819,1,9.0,1018.0,82.0,2019-10-24T03:15:01.637Z
820,1,10.0,1018.0,91.0,2019-10-24T03:30:02.155Z
821,1,10.0,1018.0,91.0,2019-10-24T03:45:02.893Z
822,1,10.0,1018.0,91.0,2019-10-24T04:00:01.139Z
823,1,10.0,1018.0,91.0,2019-10-24T04:15:01.616Z
824,1,10.0,1018.0,91.0,2019-10-24T04:30:03.087Z
825,1,10.0,1018.0,91.0,2019-10-24T04:45:01.690Z
826,1,10.0,1018.0,91.0,2019-10-24T05:00:01.012Z
827,1,10.0,1018.0,91.0,2019-10-24T05:15:03.399Z
828,1,10.0,1018.0,91.0,2019-10-24T05:30:01.955Z
829,1,11.0,1018.0,91.0,2019-10-24T05:45:02.427Z
830,1,11.0,1018.0,91.0,2019-10-24T06:00:02.054Z
831,1,12.0,1018.0,91.0,2019-10-24T06:15:02.251Z
832,1,14.0,1018.0,79.0,2019-10-24T06:30:02.770Z
833,1,14.0,1018.0,79.0,2019-10-24T06:45:01.952Z
834,1,14.0,1018.0,79.0,2019-10-24T07:00:03.581Z
835,1,14.0,1018.0,79.0,2019-10-24T07:15:02.160Z
836,1,14.0,1018.0,79.0,2019-10-24T07:30:02.457Z
837,1,15.0,1018.0,79.0,2019-10-24T07:45:03.783Z
838,1,15.0,1018.0,79.0,2019-10-24T08:00:02.248Z
839,1,15.0,1018.0,79.0,2019-10-24T08:15:02.079Z
840,1,15.0,1018.0,79.0,2019-10-24T08:30:02.722Z
841,1,15.0,1018.0,79.0,2019-10-24T08:45:02.920Z
842,1,15.0,1018.0,79.0,2019-10-24T09:00:02.465Z
843,1,14.0,1018.0,79.0,2019-10-24T09:15:03.090Z
844,1,14.0,1018.0,73.0,2019-10-24T09:30:01.947Z
845,1,14.0,1018.0,73.0,2019-10-24T09:45:01.387Z
846,1,15.0,1018.0,73.0,2019-10-24T10:00:02.161Z
847,1,15.0,1018.0,73.0,2019-10-24T10:15:01.871Z
848,1,15.0,1018.0,73.0,2019-10-24T10:30:02.138Z
849,1,15.0,1018.0,73.0,2019-10-24T10:45:01.869Z
850,1,15.0,1018.0,73.0,2019-10-24T11:00:02.803Z
851,1,15.0,1018.0,73.0,2019-10-24T11:15:02.288Z
852,1,15.0,1018.0,73.0,2019-10-24T11:30:02.323Z
853,1,15.0,1018.0,73.0,2019-10-24T11:45:02.433Z
854,1,15.0,1018.0,73.0,2019-10-24T12:00:01.179Z
855,1,15.0,1018.0,73.0,2019-10-24T12:15:02.806Z
856,1,18.0,1017.0,53.0,2019-10-24T12:30:03.304Z
857,1,17.0,1017.0,53.0,2019-10-24T12:45:02.350Z
858,1,17.0,1017.0,53.0,2019-10-24T13:00:02.186Z
859,1,17.0,1017.0,53.0,2019-10-24T13:15:01.887Z
860,1,17.0,1017.0,53.0,2019-10-24T13:30:02.170Z
861,1,17.0,1017.0,53.0,2019-10-24T13:45:02.403Z
862,1,17.0,1017.0,53.0,2019-10-24T14:00:02.314Z
863,1,17.0,1017.0,53.0,2019-10-24T14:15:02.461Z
864,1,17.0,1017.0,53.0,2019-10-24T14:30:02.378Z
865,1,17.0,1017.0,53.0,2019-10-24T14:45:01.921Z
866,1,17.0,1017.0,53.0,2019-10-24T15:00:01.244Z
867,1,17.0,1017.0,53.0,2019-10-24T15:15:01.735Z
868,1,14.0,1016.0,66.0,2019-10-24T15:30:01.724Z
869,1,14.0,1016.0,66.0,2019-10-24T15:45:02.324Z
870,1,13.0,1016.0,66.0,2019-10-24T16:00:01.356Z
871,1,13.0,1016.0,66.0,2019-10-24T16:15:03.166Z
872,1,13.0,1016.0,66.0,2019-10-24T16:30:02.178Z
873,1,13.0,1016.0,66.0,2019-10-24T16:45:02.626Z
874,1,13.0,1016.0,66.0,2019-10-24T17:00:01.622Z
875,1,13.0,1016.0,66.0,2019-10-24T17:15:02.220Z
876,1,12.0,1016.0,66.0,2019-10-24T17:30:03.657Z
877,1,12.0,1016.0,66.0,2019-10-24T17:45:02.058Z
878,1,12.0,1016.0,66.0,2019-10-24T18:00:01.726Z
879,1,13.0,1016.0,66.0,2019-10-24T18:15:02.894Z
880,1,11.0,1016.0,78.0,2019-10-24T18:30:03.359Z
881,1,11.0,1016.0,78.0,2019-10-24T18:45:02.869Z
882,1,11.0,1016.0,78.0,2019-10-24T19:00:02.275Z
883,1,11.0,1016.0,78.0,2019-10-24T19:15:02.467Z
884,1,11.0,1016.0,78.0,2019-10-24T19:30:02.107Z
885,1,11.0,1016.0,78.0,2019-10-24T19:45:01.762Z
886,1,11.0,1016.0,78.0,2019-10-24T20:00:01.496Z
887,1,11.0,1016.0,78.0,2019-10-24T20:15:02.813Z
888,1,11.0,1016.0,78.0,2019-10-24T20:30:02.868Z
889,1,10.0,1016.0,78.0,2019-10-24T20:45:01.343Z
890,1,10.0,1016.0,78.0,2019-10-24T21:00:01.533Z
891,1,10.0,1016.0,79.0,2019-10-24T21:15:02.161Z
892,1,10.0,1016.0,79.0,2019-10-24T21:30:01.990Z
893,1,10.0,1016.0,79.0,2019-10-24T21:45:03.676Z
894,1,10.0,1016.0,79.0,2019-10-24T22:00:03.463Z
895,1,10.0,1016.0,79.0,2019-10-24T22:15:03.362Z
896,1,10.0,1016.0,79.0,2019-10-24T22:30:02.139Z
897,1,10.0,1016.0,79.0,2019-10-24T22:45:03.552Z
898,1,10.0,1016.0,79.0,2019-10-24T23:00:03.710Z
899,1,10.0,1016.0,79.0,2019-10-24T23:15:04.137Z
900,1,10.0,1016.0,79.0,2019-10-24T23:30:01.637Z
901,1,10.0,1016.0,79.0,2019-10-24T23:45:01.466Z
902,1,10.0,1016.0,79.0,2019-10-25T00:00:01.580Z
903,1,12.0,1016.0,79.0,2019-10-25T00:15:02.374Z
904,1,9.0,1015.0,78.0,2019-10-25T00:30:03.590Z
905,1,9.0,1015.0,78.0,2019-10-25T00:45:02.488Z
906,1,9.0,1015.0,78.0,2019-10-25T01:00:02.669Z
907,1,9.0,1015.0,78.0,2019-10-25T01:15:02.040Z
908,1,9.0,1015.0,78.0,2019-10-25T01:30:02.269Z
909,1,9.0,1015.0,78.0,2019-10-25T01:45:04.288Z
910,1,9.0,1015.0,78.0,2019-10-25T02:00:01.914Z
911,1,9.0,1015.0,78.0,2019-10-25T02:15:03.729Z
912,1,9.0,1015.0,78.0,2019-10-25T02:30:03.865Z
913,1,9.0,1015.0,78.0,2019-10-25T02:45:02.553Z
914,1,9.0,1015.0,78.0,2019-10-25T03:00:01.831Z
915,1,12.0,1015.0,78.0,2019-10-25T03:15:01.436Z
916,1,8.0,1015.0,88.0,2019-10-25T03:30:03.533Z
917,1,8.0,1015.0,88.0,2019-10-25T03:45:02.323Z
918,1,8.0,1015.0,88.0,2019-10-25T04:00:01.275Z
919,1,8.0,1015.0,88.0,2019-10-25T04:15:01.585Z
920,1,8.0,1015.0,88.0,2019-10-25T04:30:02.857Z
921,1,8.0,1015.0,88.0,2019-10-25T04:45:02.319Z
922,1,8.0,1015.0,88.0,2019-10-25T05:00:02.438Z
923,1,8.0,1015.0,88.0,2019-10-25T05:15:02.180Z
924,1,8.0,1015.0,88.0,2019-10-25T05:30:01.430Z
925,1,9.0,1015.0,88.0,2019-10-25T05:45:01.763Z
926,1,9.0,1015.0,88.0,2019-10-25T06:00:01.065Z
927,1,13.0,1015.0,88.0,2019-10-25T06:15:02.227Z
928,1,9.0,1017.0,92.0,2019-10-25T06:30:02.524Z
929,1,9.0,1017.0,92.0,2019-10-25T06:45:03.159Z
930,1,9.0,1017.0,92.0,2019-10-25T07:00:02.277Z
931,1,9.0,1017.0,92.0,2019-10-25T07:15:02.344Z
932,1,9.0,1017.0,92.0,2019-10-25T07:30:02.415Z
933,1,9.0,1017.0,92.0,2019-10-25T07:45:02.173Z
934,1,10.0,1017.0,92.0,2019-10-25T08:00:02.098Z
935,1,10.0,1017.0,92.0,2019-10-25T08:15:01.536Z
936,1,10.0,1017.0,92.0,2019-10-25T08:30:01.081Z
937,1,10.0,1017.0,92.0,2019-10-25T08:45:01.380Z
938,1,10.0,1017.0,92.0,2019-10-25T09:00:01.177Z
939,1,15.0,1017.0,92.0,2019-10-25T09:15:02.617Z
940,1,13.0,1016.0,66.0,2019-10-25T09:30:02.418Z
941,1,13.0,1016.0,66.0,2019-10-25T09:45:03.818Z
942,1,14.0,1016.0,66.0,2019-10-25T10:00:03.158Z
943,1,14.0,1016.0,66.0,2019-10-25T10:15:03.488Z
944,1,14.0,1016.0,66.0,2019-10-25T10:30:02.024Z
945,1,14.0,1016.0,66.0,2019-10-25T10:45:03.012Z
946,1,14.0,1016.0,66.0,2019-10-25T11:00:03.231Z
947,1,14.0,1016.0,66.0,2019-10-25T11:15:02.279Z
948,1,14.0,1016.0,66.0,2019-10-25T11:30:02.422Z
949,1,14.0,1016.0,66.0,2019-10-25T11:45:01.889Z
950,1,14.0,1016.0,66.0,2019-10-25T12:00:02.051Z
951,1,16.0,1016.0,66.0,2019-10-25T12:15:02.579Z
952,1,17.0,1015.0,47.0,2019-10-25T12:30:02.067Z
953,1,17.0,1015.0,47.0,2019-10-25T12:45:02.453Z
954,1,17.0,1015.0,47.0,2019-10-25T13:00:02.153Z
955,1,17.0,1015.0,47.0,2019-10-25T13:15:02.287Z
956,1,17.0,1015.0,47.0,2019-10-25T13:30:02.307Z
957,1,16.0,1015.0,47.0,2019-10-25T13:45:04.151Z
958,1,16.0,1015.0,47.0,2019-10-25T14:00:04.085Z
959,1,16.0,1015.0,47.0,2019-10-25T14:15:02.877Z
960,1,16.0,1015.0,47.0,2019-10-25T14:30:01.854Z
961,1,16.0,1015.0,47.0,2019-10-25T14:45:04.076Z
962,1,15.0,1015.0,47.0,2019-10-25T15:00:01.138Z
963,1,14.0,1015.0,47.0,2019-10-25T15:15:01.591Z
964,1,14.0,1015.0,63.0,2019-10-25T15:30:00.907Z
965,1,13.0,1015.0,63.0,2019-10-25T15:45:02.579Z
966,1,13.0,1015.0,63.0,2019-10-25T16:00:03.132Z
967,1,13.0,1015.0,63.0,2019-10-25T16:15:02.647Z
968,1,13.0,1015.0,63.0,2019-10-25T16:30:02.222Z
969,1,13.0,1015.0,63.0,2019-10-25T16:45:03.218Z
970,1,13.0,1015.0,63.0,2019-10-25T17:00:03.839Z
971,1,13.0,1015.0,63.0,2019-10-25T17:15:03.234Z
972,1,13.0,1015.0,63.0,2019-10-25T17:30:02.602Z
973,1,13.0,1015.0,63.0,2019-10-25T17:45:01.821Z
974,1,12.0,1015.0,63.0,2019-10-25T18:00:01.677Z
975,1,12.0,1015.0,63.0,2019-10-25T18:15:02.762Z
976,1,11.0,1015.0,70.0,2019-10-25T18:30:03.569Z
977,1,11.0,1015.0,70.0,2019-10-25T18:45:03.293Z
978,1,11.0,1015.0,70.0,2019-10-25T19:00:01.977Z
979,1,11.0,1015.0,70.0,2019-10-25T19:15:01.605Z
980,1,11.0,1015.0,70.0,2019-10-25T19:30:02.620Z
981,1,11.0,1015.0,70.0,2019-10-25T19:45:01.637Z
982,1,11.0,1015.0,70.0,2019-10-25T20:00:01.894Z
983,1,11.0,1015.0,70.0,2019-10-25T20:15:02.445Z
984,1,11.0,1015.0,70.0,2019-10-25T20:30:01.852Z
985,1,10.0,1015.0,70.0,2019-10-25T20:45:01.649Z
986,1,10.0,1015.0,70.0,2019-10-25T21:00:02.053Z
987,1,11.0,1015.0,70.0,2019-10-25T21:15:01.178Z
988,1,10.0,1015.0,79.0,2019-10-25T21:30:02.574Z
989,1,10.0,1015.0,79.0,2019-10-25T21:45:02.417Z
990,1,10.0,1015.0,79.0,2019-10-25T22:00:02.553Z
991,1,10.0,1015.0,79.0,2019-10-25T22:15:03.065Z
992,1,9.0,1015.0,79.0,2019-10-25T22:30:02.742Z
993,1,9.0,1015.0,79.0,2019-10-25T22:45:02.930Z
994,1,9.0,1015.0,79.0,2019-10-25T23:00:01.946Z
995,1,9.0,1015.0,79.0,2019-10-25T23:15:03.029Z
996,1,9.0,1015.0,79.0,2019-10-25T23:30:02.187Z
997,1,9.0,1015.0,79.0,2019-10-25T23:45:01.026Z
998,1,9.0,1015.0,79.0,2019-10-26T00:00:01.936Z
999,1,10.0,1015.0,79.0,2019-10-26T00:15:02.847Z
1000,1,9.0,1015.0,85.0,2019-10-26T00:30:03.958Z
1001,1,9.0,1015.0,85.0,2019-10-26T00:45:02.587Z
1002,1,9.0,1015.0,85.0,2019-10-26T01:00:03.857Z
1003,1,9.0,1015.0,85.0,2019-10-26T01:15:02.417Z
1004,1,9.0,1015.0,85.0,2019-10-26T01:30:01.332Z
1005,1,9.0,1015.0,85.0,2019-10-26T01:45:02.490Z
1006,1,9.0,1015.0,85.0,2019-10-26T02:00:01.874Z
1007,1,9.0,1015.0,85.0,2019-10-26T02:15:02.559Z
1008,1,9.0,1015.0,85.0,2019-10-26T02:30:02.550Z
1009,1,9.0,1015.0,85.0,2019-10-26T02:45:02.737Z
1010,1,8.0,1015.0,85.0,2019-10-26T03:00:02.507Z
1011,1,10.0,1015.0,85.0,2019-10-26T03:15:01.237Z
1012,1,8.0,1016.0,87.0,2019-10-26T03:30:02.496Z
1013,1,8.0,1016.0,87.0,2019-10-26T03:45:02.096Z
1014,1,8.0,1016.0,87.0,2019-10-26T04:00:01.844Z
1015,1,8.0,1016.0,87.0,2019-10-26T04:15:02.651Z
1016,1,9.0,1016.0,87.0,2019-10-26T04:30:02.340Z
1017,1,9.0,1016.0,87.0,2019-10-26T04:45:02.544Z
1018,1,9.0,1016.0,87.0,2019-10-26T05:00:02.664Z
1019,1,9.0,1016.0,87.0,2019-10-26T05:15:02.730Z
1020,1,9.0,1016.0,87.0,2019-10-26T05:30:02.104Z
1021,1,9.0,1016.0,87.0,2019-10-26T05:45:01.460Z
1022,1,9.0,1016.0,87.0,2019-10-26T06:00:01.586Z
1023,1,11.0,1016.0,87.0,2019-10-26T06:15:03.053Z
1024,1,11.0,1017.0,79.0,2019-10-26T06:30:03.439Z
1025,1,11.0,1017.0,79.0,2019-10-26T06:45:02.519Z
1026,1,11.0,1017.0,79.0,2019-10-26T07:00:02.216Z
1027,1,12.0,1017.0,79.0,2019-10-26T07:15:03.258Z
1028,1,12.0,1017.0,79.0,2019-10-26T07:30:01.435Z
1029,1,12.0,1017.0,79.0,2019-10-26T07:45:02.157Z
1030,1,12.0,1017.0,79.0,2019-10-26T08:00:02.043Z
1031,1,13.0,1017.0,79.0,2019-10-26T08:15:03.185Z
1032,1,13.0,1017.0,79.0,2019-10-26T08:30:04.201Z
1033,1,13.0,1017.0,79.0,2019-10-26T08:45:02.014Z
1034,1,14.0,1017.0,79.0,2019-10-26T09:00:01.563Z
1035,1,14.0,1017.0,79.0,2019-10-26T09:15:01.971Z
1036,1,16.0,1018.0,57.0,2019-10-26T09:30:02.320Z
1037,1,16.0,1018.0,57.0,2019-10-26T09:45:02.387Z
1038,1,16.0,1018.0,57.0,2019-10-26T10:00:02.383Z
1039,1,17.0,1018.0,57.0,2019-10-26T10:15:02.588Z
1040,1,17.0,1018.0,57.0,2019-10-26T10:30:02.805Z
1041,1,17.0,1018.0,57.0,2019-10-26T10:45:01.799Z
1042,1,17.0,1018.0,57.0,2019-10-26T11:00:03.179Z
1043,1,17.0,1018.0,57.0,2019-10-26T11:15:01.982Z
1044,1,17.0,1018.0,57.0,2019-10-26T11:30:03.048Z
1045,1,17.0,1018.0,57.0,2019-10-26T11:45:01.603Z
1046,1,17.0,1018.0,57.0,2019-10-26T12:00:01.747Z
1047,1,15.0,1018.0,57.0,2019-10-26T12:15:03.560Z
1048,1,17.0,1017.0,49.0,2019-10-26T12:30:02.565Z
1049,1,17.0,1017.0,49.0,2019-10-26T12:45:03.311Z
1050,1,17.0,1017.0,49.0,2019-10-26T13:00:02.210Z
1051,1,16.0,1017.0,49.0,2019-10-26T13:15:02.386Z
1052,1,16.0,1017.0,49.0,2019-10-26T13:30:02.628Z
1053,1,16.0,1017.0,49.0,2019-10-26T13:45:02.921Z
1054,1,16.0,1017.0,49.0,2019-10-26T14:00:02.913Z
1055,1,16.0,1017.0,49.0,2019-10-26T14:15:02.113Z
1056,1,16.0,1017.0,49.0,2019-10-26T14:30:01.375Z
1057,1,16.0,1017.0,49.0,2019-10-26T14:45:02.898Z
1058,1,16.0,1017.0,49.0,2019-10-26T15:00:01.561Z
1059,1,16.0,1017.0,49.0,2019-10-26T15:15:00.888Z
1060,1,14.0,1017.0,58.0,2019-10-26T15:30:01.838Z
1061,1,14.0,1017.0,58.0,2019-10-26T15:45:02.531Z
1062,1,14.0,1017.0,58.0,2019-10-26T16:00:01.119Z
1063,1,13.0,1017.0,58.0,2019-10-26T16:15:02.449Z
1064,1,13.0,1017.0,58.0,2019-10-26T16:30:02.206Z
1065,1,13.0,1017.0,58.0,2019-10-26T16:45:02.361Z
1066,1,13.0,1017.0,58.0,2019-10-26T17:00:02.995Z
1067,1,13.0,1017.0,58.0,2019-10-26T17:15:02.880Z
1068,1,13.0,1017.0,58.0,2019-10-26T17:30:02.727Z
1069,1,13.0,1017.0,58.0,2019-10-26T17:45:02.548Z
1070,1,12.0,1017.0,58.0,2019-10-26T18:00:01.788Z
1071,1,12.0,1017.0,58.0,2019-10-26T18:15:02.316Z
1072,1,12.0,1018.0,68.0,2019-10-26T18:30:03.085Z
1073,1,12.0,1018.0,68.0,2019-10-26T18:45:02.480Z
1074,1,12.0,1018.0,68.0,2019-10-26T19:00:02.128Z
1075,1,12.0,1018.0,68.0,2019-10-26T19:15:02.037Z
1076,1,12.0,1018.0,68.0,2019-10-26T19:30:02.374Z
1077,1,12.0,1018.0,68.0,2019-10-26T19:45:01.945Z
1078,1,12.0,1018.0,68.0,2019-10-26T20:00:03.903Z
1079,1,12.0,1018.0,68.0,2019-10-26T20:15:02.583Z
1080,1,12.0,1018.0,68.0,2019-10-26T20:30:02.671Z
1081,1,12.0,1018.0,68.0,2019-10-26T20:45:01.793Z
1082,1,12.0,1018.0,68.0,2019-10-26T21:00:02.811Z
1083,1,12.0,1018.0,68.0,2019-10-26T21:15:02.929Z
1084,1,11.0,1018.0,75.0,2019-10-26T21:30:03.009Z
1085,1,10.0,1018.0,75.0,2019-10-26T21:45:02.645Z
1086,1,10.0,1018.0,75.0,2019-10-26T22:00:02.695Z
1087,1,10.0,1018.0,75.0,2019-10-26T22:15:02.381Z
1088,1,10.0,1018.0,75.0,2019-10-26T22:30:02.838Z
1089,1,10.0,1018.0,75.0,2019-10-26T22:45:02.034Z
1090,1,10.0,1018.0,75.0,2019-10-26T23:00:01.884Z
1091,1,10.0,1018.0,75.0,2019-10-26T23:15:04.406Z
1092,1,10.0,1018.0,75.0,2019-10-26T23:30:02.132Z
1093,1,10.0,1018.0,75.0,2019-10-26T23:45:02.151Z
1094,1,10.0,1018.0,75.0,2019-10-27T00:00:01.425Z
1095,1,11.0,1018.0,75.0,2019-10-27T00:15:03.138Z
1096,1,9.0,1018.0,77.0,2019-10-27T00:30:02.681Z
1097,1,9.0,1018.0,77.0,2019-10-27T00:45:03.076Z
1098,1,9.0,1018.0,77.0,2019-10-27T01:00:02.854Z
1099,1,9.0,1018.0,77.0,2019-10-27T01:15:03.239Z
1100,1,9.0,1018.0,77.0,2019-10-27T01:30:01.614Z
1101,1,9.0,1018.0,77.0,2019-10-27T01:45:02.175Z
1102,1,9.0,1018.0,77.0,2019-10-27T02:00:02.014Z
1103,1,8.0,1018.0,77.0,2019-10-27T02:15:02.471Z
1104,1,8.0,1018.0,77.0,2019-10-27T02:30:01.937Z
1105,1,8.0,1018.0,77.0,2019-10-27T02:45:01.016Z
1106,1,8.0,1018.0,77.0,2019-10-27T03:00:03.128Z
1107,1,10.0,1018.0,77.0,2019-10-27T03:15:02.661Z
1108,1,8.0,1018.0,84.0,2019-10-27T03:30:07.669Z
1109,1,8.0,1018.0,84.0,2019-10-27T03:45:03.778Z
1110,1,8.0,1018.0,84.0,2019-10-27T04:00:00.955Z
1111,1,8.0,1018.0,84.0,2019-10-27T04:15:01.476Z
1112,1,8.0,1018.0,84.0,2019-10-27T04:30:01.752Z
1113,1,8.0,1018.0,84.0,2019-10-27T04:45:02.355Z
1114,1,8.0,1018.0,84.0,2019-10-27T05:00:02.751Z
1115,1,9.0,1018.0,84.0,2019-10-27T05:15:01.361Z
1116,1,9.0,1018.0,84.0,2019-10-27T05:30:02.736Z
1117,1,9.0,1018.0,84.0,2019-10-27T05:45:01.223Z
1118,1,9.0,1018.0,84.0,2019-10-27T06:00:01.773Z
1119,1,11.0,1018.0,84.0,2019-10-27T06:15:02.975Z
1120,1,12.0,1018.0,70.0,2019-10-27T06:30:02.826Z
1121,1,13.0,1018.0,70.0,2019-10-27T06:45:02.451Z
1122,1,13.0,1018.0,70.0,2019-10-27T07:00:01.991Z
1123,1,13.0,1018.0,70.0,2019-10-27T07:15:02.179Z
1124,1,13.0,1018.0,70.0,2019-10-27T07:30:01.680Z
1125,1,14.0,1018.0,70.0,2019-10-27T07:45:03.293Z
1126,1,14.0,1018.0,70.0,2019-10-27T08:00:01.433Z
1127,1,14.0,1018.0,70.0,2019-10-27T08:15:03.410Z
1128,1,14.0,1018.0,70.0,2019-10-27T08:30:03.510Z
1129,1,15.0,1018.0,70.0,2019-10-27T08:45:03.180Z
1130,1,15.0,1018.0,70.0,2019-10-27T09:00:01.481Z
1131,1,13.0,1018.0,70.0,2019-10-27T09:15:02.580Z
1132,1,14.0,1018.0,73.0,2019-10-27T09:30:02.281Z
1133,1,14.0,1018.0,73.0,2019-10-27T09:45:02.640Z
1134,1,14.0,1018.0,73.0,2019-10-27T10:00:02.383Z
1135,1,14.0,1018.0,73.0,2019-10-27T10:15:03.507Z
1136,1,14.0,1018.0,73.0,2019-10-27T10:30:01.775Z
1137,1,14.0,1018.0,73.0,2019-10-27T10:45:02.601Z
1138,1,14.0,1018.0,73.0,2019-10-27T11:00:01.813Z
1139,1,14.0,1018.0,73.0,2019-10-27T11:15:03.472Z
1140,1,14.0,1018.0,73.0,2019-10-27T11:30:01.655Z
1141,1,14.0,1018.0,73.0,2019-10-27T11:45:01.550Z
1142,1,14.0,1018.0,73.0,2019-10-27T12:00:01.786Z
1143,1,14.0,1018.0,73.0,2019-10-27T12:15:02.293Z
1144,1,15.0,1017.0,70.0,2019-10-27T12:30:02.202Z
1145,1,15.0,1017.0,70.0,2019-10-27T12:45:02.266Z
1146,1,15.0,1017.0,70.0,2019-10-27T13:00:03.354Z
1147,1,15.0,1017.0,70.0,2019-10-27T13:15:02.077Z
1148,1,15.0,1017.0,70.0,2019-10-27T13:30:02.311Z
1149,1,15.0,1017.0,70.0,2019-10-27T13:45:02.225Z
1150,1,15.0,1017.0,70.0,2019-10-27T14:00:03.209Z
1151,1,15.0,1017.0,70.0,2019-10-27T14:15:02.259Z
1152,1,15.0,1017.0,70.0,2019-10-27T14:30:01.720Z
1153,1,15.0,1017.0,70.0,2019-10-27T14:45:01.130Z
1154,1,15.0,1017.0,70.0,2019-10-27T15:00:01.323Z
1155,1,15.0,1017.0,70.0,2019-10-27T15:15:01.392Z
1156,1,15.0,1017.0,70.0,2019-10-27T15:30:00.924Z
1157,1,13.0,1016.0,72.0,2019-10-27T15:45:01.415Z
1158,1,13.0,1016.0,72.0,2019-10-27T16:00:02.110Z
1159,1,13.0,1016.0,72.0,2019-10-27T16:15:02.291Z
1160,1,13.0,1016.0,72.0,2019-10-27T16:30:03.033Z
1161,1,13.0,1016.0,72.0,2019-10-27T16:45:02.465Z
1162,1,12.0,1016.0,72.0,2019-10-27T17:00:01.954Z
1163,1,12.0,1016.0,72.0,2019-10-27T17:15:02.130Z
1164,1,12.0,1016.0,72.0,2019-10-27T17:30:02.472Z
1165,1,12.0,1016.0,72.0,2019-10-27T17:45:02.113Z
1166,1,12.0,1016.0,72.0,2019-10-27T18:00:02.595Z
1167,1,12.0,1016.0,72.0,2019-10-27T18:15:01.112Z
1168,1,12.0,1015.0,90.0,2019-10-27T18:30:03.032Z
1169,1,12.0,1015.0,90.0,2019-10-27T18:45:03.592Z
1170,1,12.0,1015.0,90.0,2019-10-27T19:00:01.924Z
1171,1,12.0,1015.0,90.0,2019-10-27T19:15:03.470Z
1172,1,12.0,1015.0,90.0,2019-10-27T19:30:02.181Z
1173,1,12.0,1015.0,90.0,2019-10-27T19:45:02.625Z
1174,1,12.0,1015.0,90.0,2019-10-27T20:00:01.694Z
1175,1,12.0,1015.0,90.0,2019-10-27T20:15:04.961Z
1176,1,12.0,1015.0,90.0,2019-10-27T20:30:01.904Z
1177,1,12.0,1015.0,90.0,2019-10-27T20:45:02.784Z
1178,1,12.0,1015.0,90.0,2019-10-27T21:00:01.561Z
1179,1,12.0,1015.0,90.0,2019-10-27T21:15:03.358Z
1180,1,11.0,1014.0,90.0,2019-10-27T21:30:03.987Z
1181,1,11.0,1014.0,90.0,2019-10-27T21:45:03.645Z
1182,1,11.0,1014.0,90.0,2019-10-27T22:00:02.735Z
1183,1,10.0,1014.0,90.0,2019-10-27T22:15:02.566Z
1184,1,10.0,1014.0,90.0,2019-10-27T22:30:03.241Z
1185,1,10.0,1014.0,90.0,2019-10-27T22:45:02.481Z
1186,1,10.0,1014.0,90.0,2019-10-27T23:00:03.545Z
1187,1,10.0,1014.0,90.0,2019-10-27T23:15:03.342Z
1188,1,10.0,1014.0,90.0,2019-10-27T23:30:02.761Z
1189,1,10.0,1014.0,90.0,2019-10-27T23:45:02.549Z
1190,1,10.0,1014.0,90.0,2019-10-28T00:00:02.503Z
1191,1,11.0,1014.0,90.0,2019-10-28T00:15:03.265Z
1192,1,9.0,1013.0,92.0,2019-10-28T00:30:03.650Z
1193,1,9.0,1013.0,92.0,2019-10-28T00:45:03.842Z
1194,1,9.0,1013.0,92.0,2019-10-28T01:00:02.622Z
1195,1,9.0,1013.0,92.0,2019-10-28T01:15:02.729Z
1196,1,9.0,1013.0,92.0,2019-10-28T01:30:03.056Z
1197,1,9.0,1013.0,92.0,2019-10-28T01:45:02.368Z
1198,1,9.0,1013.0,92.0,2019-10-28T02:00:01.502Z
1199,1,9.0,1013.0,92.0,2019-10-28T02:15:02.689Z
1200,1,9.0,1013.0,92.0,2019-10-28T02:30:01.934Z
1201,1,8.0,1013.0,92.0,2019-10-28T02:45:02.493Z
1202,1,8.0,1013.0,92.0,2019-10-28T03:00:02.051Z
1203,1,10.0,1013.0,92.0,2019-10-28T03:15:02.886Z
1204,1,8.0,1012.0,95.0,2019-10-28T03:30:01.978Z
1205,1,8.0,1012.0,95.0,2019-10-28T03:45:02.689Z
1206,1,8.0,1012.0,95.0,2019-10-28T04:00:02.087Z
1207,1,8.0,1012.0,95.0,2019-10-28T04:15:01.472Z
1208,1,8.0,1012.0,95.0,2019-10-28T04:30:02.927Z
1209,1,8.0,1012.0,95.0,2019-10-28T04:45:02.972Z
1210,1,8.0,1012.0,95.0,2019-10-28T05:00:02.657Z
1211,1,8.0,1012.0,95.0,2019-10-28T05:15:00.701Z
1212,1,8.0,1012.0,95.0,2019-10-28T05:30:03.205Z
1213,1,8.0,1012.0,95.0,2019-10-28T05:45:03.260Z
1214,1,8.0,1012.0,95.0,2019-10-28T06:00:01.984Z
1215,1,11.0,1012.0,95.0,2019-10-28T06:15:03.080Z
1216,1,9.0,1013.0,84.0,2019-10-28T06:30:02.619Z
1217,1,9.0,1013.0,84.0,2019-10-28T06:45:01.739Z
1218,1,9.0,1013.0,84.0,2019-10-28T07:00:02.542Z
1219,1,9.0,1013.0,84.0,2019-10-28T07:15:01.979Z
1220,1,9.0,1013.0,84.0,2019-10-28T07:30:03.586Z
1221,1,9.0,1013.0,84.0,2019-10-28T07:45:01.096Z
1222,1,10.0,1013.0,84.0,2019-10-28T08:00:01.408Z
1223,1,10.0,1013.0,84.0,2019-10-28T08:15:02.551Z
1224,1,10.0,1013.0,84.0,2019-10-28T08:30:02.464Z
1225,1,10.0,1013.0,84.0,2019-10-28T08:45:02.113Z
1226,1,10.0,1013.0,84.0,2019-10-28T09:00:02.494Z
1227,1,12.0,1013.0,84.0,2019-10-28T09:15:01.833Z
1228,1,11.0,1012.0,71.0,2019-10-28T09:30:01.264Z
1229,1,11.0,1012.0,71.0,2019-10-28T09:45:01.736Z
1230,1,11.0,1012.0,71.0,2019-10-28T10:00:01.204Z
1231,1,11.0,1012.0,71.0,2019-10-28T10:15:01.609Z
1232,1,11.0,1012.0,71.0,2019-10-28T10:30:02.200Z
1233,1,11.0,1012.0,71.0,2019-10-28T10:45:01.901Z
1234,1,12.0,1012.0,71.0,2019-10-28T11:00:02.164Z
1235,1,12.0,1012.0,71.0,2019-10-28T11:15:02.380Z
1236,1,12.0,1012.0,71.0,2019-10-28T11:30:02.205Z
1237,1,12.0,1012.0,71.0,2019-10-28T11:45:02.974Z
1238,1,12.0,1012.0,71.0,2019-10-28T12:00:02.942Z
1239,1,13.0,1012.0,71.0,2019-10-28T12:15:02.188Z
1240,1,13.0,1011.0,69.0,2019-10-28T12:30:02.597Z
1241,1,13.0,1011.0,69.0,2019-10-28T12:45:02.289Z
1242,1,13.0,1011.0,69.0,2019-10-28T13:00:02.348Z
1243,1,13.0,1011.0,69.0,2019-10-28T13:15:03.818Z
1244,1,13.0,1011.0,69.0,2019-10-28T13:30:03.189Z
1245,1,13.0,1011.0,69.0,2019-10-28T13:45:02.456Z
1246,1,13.0,1011.0,69.0,2019-10-28T14:00:02.543Z
1247,1,13.0,1011.0,69.0,2019-10-28T14:15:02.169Z
1248,1,13.0,1011.0,69.0,2019-10-28T14:30:03.671Z
1249,1,13.0,1011.0,69.0,2019-10-28T14:45:03.851Z
1250,1,13.0,1011.0,69.0,2019-10-28T15:00:02.344Z
1251,1,12.0,1011.0,69.0,2019-10-28T15:15:01.929Z
1252,1,12.0,1010.0,76.0,2019-10-28T15:30:01.857Z
1253,1,12.0,1010.0,76.0,2019-10-28T15:45:01.107Z
1254,1,12.0,1010.0,76.0,2019-10-28T16:00:03.090Z
1255,1,12.0,1010.0,76.0,2019-10-28T16:15:02.240Z
1256,1,12.0,1010.0,76.0,2019-10-28T16:30:03.311Z
1257,1,12.0,1010.0,76.0,2019-10-28T16:45:04.485Z
1258,1,12.0,1010.0,76.0,2019-10-28T17:00:03.312Z
1259,1,12.0,1010.0,76.0,2019-10-28T17:15:02.241Z
1260,1,12.0,1010.0,76.0,2019-10-28T17:30:03.595Z
1261,1,12.0,1010.0,76.0,2019-10-28T17:45:01.886Z
1262,1,12.0,1010.0,76.0,2019-10-28T18:00:01.672Z
1263,1,12.0,1010.0,76.0,2019-10-28T18:15:01.814Z
1264,1,12.0,1011.0,68.0,2019-10-28T18:30:01.920Z
1265,1,12.0,1011.0,68.0,2019-10-28T18:45:02.409Z
1266,1,12.0,1011.0,68.0,2019-10-28T19:00:04.374Z
1267,1,12.0,1011.0,68.0,2019-10-28T19:15:03.405Z
1268,1,12.0,1011.0,68.0,2019-10-28T19:30:02.195Z
1269,1,12.0,1011.0,68.0,2019-10-28T19:45:03.358Z
1270,1,12.0,1011.0,68.0,2019-10-28T20:00:02.011Z
1271,1,12.0,1011.0,68.0,2019-10-28T20:15:04.190Z
1272,1,11.0,1011.0,68.0,2019-10-28T20:30:03.318Z
1273,1,11.0,1011.0,68.0,2019-10-28T20:45:01.433Z
1274,1,11.0,1011.0,68.0,2019-10-28T21:00:02.055Z
1275,1,11.0,1011.0,68.0,2019-10-28T21:15:02.433Z
1276,1,12.0,1011.0,71.0,2019-10-28T21:30:02.348Z
1277,1,12.0,1011.0,71.0,2019-10-28T21:45:03.391Z
1278,1,12.0,1011.0,71.0,2019-10-28T22:00:02.134Z
1279,1,12.0,1011.0,71.0,2019-10-28T22:15:03.068Z
1280,1,12.0,1011.0,71.0,2019-10-28T22:30:03.465Z
1281,1,12.0,1011.0,71.0,2019-10-28T22:45:03.935Z
1282,1,12.0,1011.0,71.0,2019-10-28T23:00:03.796Z
1283,1,12.0,1011.0,71.0,2019-10-28T23:15:02.052Z
1284,1,12.0,1011.0,71.0,2019-10-28T23:30:01.943Z
1285,1,12.0,1011.0,71.0,2019-10-28T23:45:01.809Z
1286,1,12.0,1011.0,71.0,2019-10-29T00:00:02.689Z
1287,1,11.0,1011.0,71.0,2019-10-29T00:15:04.030Z
1288,1,11.0,1011.0,74.0,2019-10-29T00:30:02.832Z
1289,1,11.0,1011.0,74.0,2019-10-29T00:45:03.634Z
1290,1,11.0,1011.0,74.0,2019-10-29T01:00:02.535Z
1291,1,11.0,1011.0,74.0,2019-10-29T01:15:03.268Z
1292,1,11.0,1011.0,74.0,2019-10-29T01:30:01.793Z
1293,1,12.0,1011.0,74.0,2019-10-29T01:45:02.425Z
1294,1,12.0,1011.0,74.0,2019-10-29T02:00:01.522Z
1295,1,12.0,1011.0,74.0,2019-10-29T02:15:02.697Z
1296,1,12.0,1011.0,74.0,2019-10-29T02:30:02.067Z
1297,1,12.0,1011.0,74.0,2019-10-29T02:45:01.863Z
1298,1,11.0,1011.0,74.0,2019-10-29T03:00:01.628Z
1299,1,11.0,1011.0,74.0,2019-10-29T03:15:01.247Z
1300,1,11.0,1011.0,78.0,2019-10-29T04:30:05.561Z
1301,1,11.0,1011.0,78.0,2019-10-29T04:45:01.761Z
1302,1,11.0,1011.0,78.0,2019-10-29T05:00:02.022Z
1303,1,11.0,1011.0,78.0,2019-10-29T05:15:02.686Z
1304,1,11.0,1011.0,78.0,2019-10-29T05:30:02.100Z
1305,1,11.0,1011.0,78.0,2019-10-29T05:45:01.820Z
1306,1,11.0,1011.0,78.0,2019-10-29T06:00:01.625Z
1307,1,12.0,1011.0,78.0,2019-10-29T06:15:03.545Z
1308,1,11.0,1012.0,80.0,2019-10-29T06:30:02.271Z
1309,1,11.0,1012.0,80.0,2019-10-29T06:45:03.628Z
1310,1,11.0,1012.0,80.0,2019-10-29T07:00:02.006Z
1311,1,11.0,1012.0,80.0,2019-10-29T07:15:02.707Z
1312,1,11.0,1012.0,80.0,2019-10-29T07:30:01.718Z
1313,1,11.0,1012.0,80.0,2019-10-29T07:45:03.241Z
1314,1,11.0,1012.0,80.0,2019-10-29T08:00:01.108Z
1315,1,11.0,1012.0,80.0,2019-10-29T08:15:01.709Z
1316,1,11.0,1012.0,80.0,2019-10-29T08:30:01.812Z
1317,1,11.0,1012.0,80.0,2019-10-29T08:45:01.662Z
1318,1,11.0,1012.0,80.0,2019-10-29T09:00:01.591Z
1319,1,13.0,1012.0,80.0,2019-10-29T09:15:02.732Z
1320,1,12.0,1012.0,74.0,2019-10-29T09:30:02.414Z
1321,1,12.0,1012.0,74.0,2019-10-29T09:45:02.734Z
1322,1,12.0,1012.0,74.0,2019-10-29T10:00:02.515Z
1323,1,12.0,1012.0,74.0,2019-10-29T10:15:03.180Z
1324,1,12.0,1012.0,74.0,2019-10-29T10:30:02.267Z
1325,1,12.0,1012.0,74.0,2019-10-29T10:45:02.951Z
1326,1,12.0,1012.0,74.0,2019-10-29T11:00:02.530Z
1327,1,12.0,1012.0,74.0,2019-10-29T11:15:02.575Z
1328,1,12.0,1012.0,74.0,2019-10-29T11:30:02.679Z
1329,1,12.0,1012.0,74.0,2019-10-29T11:45:01.627Z
1330,1,12.0,1012.0,74.0,2019-10-29T12:00:01.859Z
1331,1,13.0,1012.0,74.0,2019-10-29T12:15:01.980Z
1332,1,12.0,1012.0,79.0,2019-10-29T12:30:01.902Z
1333,1,12.0,1012.0,79.0,2019-10-29T12:45:02.268Z
1334,1,12.0,1012.0,79.0,2019-10-29T13:00:02.365Z
1335,1,12.0,1012.0,79.0,2019-10-29T13:15:01.844Z
1336,1,12.0,1012.0,79.0,2019-10-29T13:30:03.619Z
1337,1,11.0,1012.0,79.0,2019-10-29T13:45:04.047Z
1338,1,11.0,1012.0,79.0,2019-10-29T14:00:03.926Z
1339,1,11.0,1012.0,79.0,2019-10-29T14:15:03.193Z
1340,1,11.0,1012.0,79.0,2019-10-29T14:30:01.806Z
1341,1,11.0,1012.0,79.0,2019-10-29T14:45:02.393Z
1342,1,11.0,1012.0,79.0,2019-10-29T15:00:02.120Z
1343,1,11.0,1012.0,79.0,2019-10-29T15:15:01.401Z
1344,1,11.0,1012.0,78.0,2019-10-29T15:30:05.134Z
1345,1,11.0,1012.0,78.0,2019-10-29T15:45:00.807Z
1346,1,11.0,1012.0,78.0,2019-10-29T16:00:02.126Z
1347,1,11.0,1012.0,78.0,2019-10-29T16:15:02.108Z
1348,1,11.0,1012.0,78.0,2019-10-29T16:30:02.410Z
1349,1,11.0,1012.0,78.0,2019-10-29T16:45:02.208Z
1350,1,10.0,1012.0,78.0,2019-10-29T17:00:03.058Z
1351,1,10.0,1012.0,78.0,2019-10-29T17:15:04.076Z
1352,1,10.0,1012.0,78.0,2019-10-29T17:30:03.425Z
1353,1,10.0,1012.0,78.0,2019-10-29T17:45:02.932Z
1354,1,10.0,1012.0,78.0,2019-10-29T18:00:03.680Z
1355,1,12.0,1012.0,78.0,2019-10-29T18:15:02.689Z
1356,1,11.0,1012.0,84.0,2019-10-29T18:30:04.264Z
1357,1,11.0,1012.0,84.0,2019-10-29T18:45:03.551Z
1358,1,10.0,1012.0,84.0,2019-10-29T19:00:02.178Z
1359,1,10.0,1012.0,84.0,2019-10-29T19:15:02.079Z
1360,1,10.0,1012.0,84.0,2019-10-29T19:30:04.014Z
1361,1,10.0,1012.0,84.0,2019-10-29T19:45:01.539Z
1362,1,10.0,1012.0,84.0,2019-10-29T20:00:01.753Z
1363,1,10.0,1012.0,84.0,2019-10-29T20:15:03.403Z
1364,1,10.0,1012.0,84.0,2019-10-29T20:30:03.235Z
1365,1,10.0,1012.0,84.0,2019-10-29T20:45:02.623Z
1366,1,10.0,1012.0,84.0,2019-10-29T21:00:01.604Z
1367,1,10.0,1012.0,84.0,2019-10-29T21:15:02.351Z
1368,1,10.0,1011.0,89.0,2019-10-29T21:30:02.872Z
1369,1,10.0,1011.0,89.0,2019-10-29T21:45:02.234Z
1370,1,10.0,1011.0,89.0,2019-10-29T22:00:03.504Z
1371,1,10.0,1011.0,89.0,2019-10-29T22:15:03.813Z
1372,1,10.0,1011.0,89.0,2019-10-29T22:30:03.160Z
1373,1,10.0,1011.0,89.0,2019-10-29T22:45:02.781Z
1374,1,10.0,1011.0,89.0,2019-10-29T23:00:02.233Z
1375,1,10.0,1011.0,89.0,2019-10-29T23:15:04.638Z
1376,1,10.0,1011.0,89.0,2019-10-29T23:30:02.193Z
1377,1,10.0,1011.0,89.0,2019-10-29T23:45:03.362Z
1378,1,10.0,1011.0,89.0,2019-10-30T00:00:01.874Z
1379,1,10.0,1011.0,89.0,2019-10-30T00:15:00.986Z
1380,1,8.0,1011.0,90.0,2019-10-30T00:30:03.844Z
1381,1,8.0,1011.0,90.0,2019-10-30T00:45:05.711Z
1382,1,8.0,1011.0,90.0,2019-10-30T01:00:03.763Z
1383,1,8.0,1011.0,90.0,2019-10-30T01:15:04.022Z
1384,1,8.0,1011.0,90.0,2019-10-30T01:30:01.917Z
1385,1,8.0,1011.0,90.0,2019-10-30T01:45:01.434Z
1386,1,8.0,1011.0,90.0,2019-10-30T02:00:02.074Z
1387,1,8.0,1011.0,90.0,2019-10-30T02:15:03.391Z
1388,1,8.0,1011.0,90.0,2019-10-30T02:30:02.085Z
1389,1,8.0,1011.0,90.0,2019-10-30T02:45:02.425Z
1390,1,8.0,1011.0,90.0,2019-10-30T03:00:01.773Z
1391,1,8.0,1011.0,90.0,2019-10-30T03:15:01.097Z
1392,1,8.0,1011.0,90.0,2019-10-30T03:30:01.357Z
1393,1,7.0,1011.0,87.0,2019-10-30T03:45:01.719Z
1394,1,7.0,1011.0,87.0,2019-10-30T04:00:02.759Z
1395,1,7.0,1011.0,87.0,2019-10-30T04:15:01.285Z
1396,1,7.0,1011.0,87.0,2019-10-30T04:30:02.927Z
1397,1,7.0,1011.0,87.0,2019-10-30T04:45:02.132Z
1398,1,7.0,1011.0,87.0,2019-10-30T05:00:02.289Z
1399,1,7.0,1011.0,87.0,2019-10-30T05:15:03.245Z
1400,1,7.0,1011.0,87.0,2019-10-30T05:30:02.022Z
1401,1,7.0,1011.0,87.0,2019-10-30T05:45:02.197Z
1402,1,6.0,1011.0,87.0,2019-10-30T06:00:02.477Z
1403,1,8.0,1011.0,87.0,2019-10-30T06:15:03.162Z
1404,1,7.0,1013.0,85.0,2019-10-30T06:30:02.634Z
1405,1,7.0,1013.0,85.0,2019-10-30T06:45:03.542Z
1406,1,7.0,1013.0,85.0,2019-10-30T07:00:01.962Z
1407,1,8.0,1013.0,85.0,2019-10-30T07:15:02.872Z
1408,1,8.0,1013.0,85.0,2019-10-30T07:30:01.589Z
1409,1,8.0,1013.0,85.0,2019-10-30T07:45:02.174Z
1410,1,8.0,1013.0,85.0,2019-10-30T08:00:02.688Z
1411,1,8.0,1013.0,85.0,2019-10-30T08:15:02.327Z
1412,1,8.0,1013.0,85.0,2019-10-30T08:30:03.278Z
1413,1,8.0,1013.0,85.0,2019-10-30T08:45:02.042Z
1414,1,8.0,1013.0,85.0,2019-10-30T09:00:04.110Z
1415,1,9.0,1013.0,85.0,2019-10-30T09:15:01.540Z
1416,1,10.0,1013.0,71.0,2019-10-30T09:30:02.369Z
1417,1,10.0,1013.0,71.0,2019-10-30T09:45:02.488Z
1418,1,10.0,1013.0,71.0,2019-10-30T10:00:01.971Z
1419,1,10.0,1013.0,71.0,2019-10-30T10:15:02.440Z
1420,1,11.0,1013.0,71.0,2019-10-30T12:00:02.764Z
1421,1,10.0,1013.0,71.0,2019-10-30T12:15:01.501Z
1422,1,11.0,1013.0,44.0,2019-10-30T12:30:00.914Z
1423,1,11.0,1013.0,44.0,2019-10-30T12:45:03.215Z
1424,1,11.0,1013.0,44.0,2019-10-30T13:00:02.040Z
1425,1,10.0,1013.0,44.0,2019-10-30T13:15:03.183Z
1426,1,10.0,1013.0,44.0,2019-10-30T13:30:01.860Z
1427,1,10.0,1013.0,44.0,2019-10-30T13:45:01.430Z
1428,1,10.0,1013.0,44.0,2019-10-30T14:00:01.051Z
1429,1,10.0,1013.0,44.0,2019-10-30T14:15:04.933Z
1430,1,10.0,1013.0,44.0,2019-10-30T14:30:01.863Z
1431,1,10.0,1013.0,44.0,2019-10-30T14:45:01.369Z
1432,1,10.0,1013.0,44.0,2019-10-30T15:00:01.615Z
1433,1,8.0,1013.0,44.0,2019-10-30T15:15:01.805Z
1434,1,7.0,1015.0,39.0,2019-10-30T15:30:03.036Z
1435,1,7.0,1015.0,39.0,2019-10-30T15:45:02.756Z
1436,1,6.0,1015.0,39.0,2019-10-30T16:00:02.644Z
1437,1,6.0,1015.0,39.0,2019-10-30T16:15:02.706Z
1438,1,6.0,1015.0,39.0,2019-10-30T16:30:02.672Z
1439,1,6.0,1015.0,39.0,2019-10-30T16:45:02.898Z
1440,1,5.0,1015.0,39.0,2019-10-30T17:00:02.917Z
1441,1,5.0,1015.0,39.0,2019-10-30T17:15:02.557Z
1442,1,5.0,1015.0,39.0,2019-10-30T17:30:02.011Z
1443,1,5.0,1015.0,39.0,2019-10-30T17:45:01.668Z
1444,1,5.0,1015.0,39.0,2019-10-30T18:00:01.716Z
1445,1,5.0,1015.0,39.0,2019-10-30T18:15:02.467Z
1446,1,4.0,1017.0,49.0,2019-10-30T18:30:03.111Z
1447,1,4.0,1017.0,49.0,2019-10-30T18:45:03.822Z
1448,1,4.0,1017.0,49.0,2019-10-30T19:00:04.034Z
1449,1,3.0,1017.0,49.0,2019-10-30T19:15:04.055Z
1450,1,3.0,1017.0,49.0,2019-10-30T19:30:02.327Z
1451,1,3.0,1017.0,49.0,2019-10-30T19:45:03.241Z
1452,1,3.0,1017.0,49.0,2019-10-30T20:00:01.354Z
1453,1,3.0,1017.0,49.0,2019-10-30T20:15:04.601Z
1454,1,3.0,1017.0,49.0,2019-10-30T20:30:01.925Z
1455,1,3.0,1017.0,49.0,2019-10-30T20:45:02.106Z
1456,1,2.0,1017.0,49.0,2019-10-30T21:00:01.545Z
1457,1,4.0,1017.0,49.0,2019-10-30T21:15:03.756Z
1458,1,1.0,1019.0,64.0,2019-10-30T21:30:04.355Z
1459,1,1.0,1019.0,64.0,2019-10-30T21:45:02.974Z
1460,1,1.0,1019.0,64.0,2019-10-30T22:00:03.092Z
1461,1,1.0,1019.0,64.0,2019-10-30T22:15:04.728Z
1462,1,1.0,1019.0,64.0,2019-10-30T22:30:02.050Z
1463,1,1.0,1019.0,64.0,2019-10-30T22:45:02.479Z
1464,1,1.0,1019.0,64.0,2019-10-30T23:00:02.478Z
1465,1,0.0,1019.0,64.0,2019-10-30T23:15:05.077Z
1466,1,0.0,1019.0,64.0,2019-10-30T23:30:02.474Z
1467,1,0.0,1019.0,64.0,2019-10-30T23:45:02.274Z
1468,1,0.0,1019.0,64.0,2019-10-31T00:00:01.999Z
1469,1,2.0,1019.0,64.0,2019-10-31T00:15:04.516Z
1470,1,0.0,1019.0,67.0,2019-10-31T00:30:03.789Z
1471,1,0.0,1019.0,67.0,2019-10-31T00:45:03.067Z
1472,1,0.0,1019.0,67.0,2019-10-31T01:00:03.013Z
1473,1,0.0,1019.0,67.0,2019-10-31T01:15:03.487Z
1474,1,0.0,1019.0,67.0,2019-10-31T01:30:02.346Z
1475,1,2.0,1020.0,68.0,2019-10-31T06:15:03.083Z
1476,1,0.0,1021.0,60.0,2019-10-31T06:45:02.012Z
1477,1,0.0,1021.0,60.0,2019-10-31T07:00:02.394Z
1478,1,0.0,1021.0,60.0,2019-10-31T07:15:02.434Z
1479,1,0.0,1021.0,60.0,2019-10-31T07:30:03.592Z
1480,1,0.0,1021.0,60.0,2019-10-31T07:45:02.955Z
1481,1,0.0,1021.0,60.0,2019-10-31T08:00:02.487Z
1482,1,0.0,1021.0,60.0,2019-10-31T08:15:02.699Z
1483,1,0.0,1021.0,60.0,2019-10-31T08:30:01.129Z
1484,1,0.0,1021.0,60.0,2019-10-31T08:45:01.925Z
1485,1,1.0,1021.0,60.0,2019-10-31T09:00:03.004Z
1486,1,3.0,1021.0,60.0,2019-10-31T09:15:03.600Z
1487,1,3.0,1022.0,34.0,2019-10-31T09:30:02.259Z
1488,1,3.0,1022.0,34.0,2019-10-31T09:45:02.571Z
1489,1,4.0,1022.0,34.0,2019-10-31T10:00:02.348Z
1490,1,4.0,1022.0,34.0,2019-10-31T10:15:03.356Z
1491,1,4.0,1022.0,34.0,2019-10-31T10:30:03.343Z
1492,1,4.0,1022.0,34.0,2019-10-31T10:45:02.408Z
1493,1,4.0,1022.0,34.0,2019-10-31T11:00:02.367Z
1494,1,4.0,1022.0,34.0,2019-10-31T11:15:03.178Z
1495,1,4.0,1022.0,34.0,2019-10-31T11:30:02.279Z
1496,1,4.0,1022.0,34.0,2019-10-31T11:45:02.565Z
1497,1,4.0,1022.0,34.0,2019-10-31T12:00:02.509Z
1498,1,4.0,1022.0,34.0,2019-10-31T12:15:03.202Z
1499,1,4.0,1020.0,28.0,2019-10-31T12:30:02.637Z
1500,1,4.0,1020.0,28.0,2019-10-31T12:45:03.757Z
1501,1,4.0,1020.0,28.0,2019-10-31T13:00:02.706Z
1502,1,4.0,1020.0,28.0,2019-10-31T13:15:02.866Z
1503,1,4.0,1020.0,28.0,2019-10-31T13:30:03.607Z
1504,1,4.0,1020.0,28.0,2019-10-31T13:45:02.218Z
1505,1,4.0,1020.0,28.0,2019-10-31T14:00:03.703Z
